,Cholesterol,Glucose,HbA1c,HDL Cholesterol,LDL Cholesterol,Triglycerides,Vitamin D,Eosinophil Count,High Light Scatter Retic. Count,Lymphocyte Count,Mean Corpuscular Hemoglobin,Mean Platelet Volume,Monocyte Count,Platelet Count,Red Blood Cell Dist. Width,Red Blood Cell Count,White Blood Count,Bone Mineral Density,Balding Type 1,BMI,Height,Waist-Hip Ratio,Diastolic blood pressure,Systolic Blood Pressure,Edu College,Smoking Status,Autoimmune disease,Allergy Eczema Diagnosed,Asthma Diagnosed,Cardiovascular disease,Dermatology,Diabetes Any Diagnosed,Endocrine Diabetes,High cholesterol,Hypertension Diagnosed,Psoriasis,Respiratory Ent,Type 2 diabetes,Thyroid Any Self Rep,FEV1\FVC Ratio,Forced Vital Capacity,Neuroticism,Chronotype (morning person),Hair Color,Tanning,Childless,Age of Menarche,#Children,Hypothyroidism Self Rep,tissue,celltype
0,0,0,0,0,0,0,0,0,0,0.0,0,0,0.0,0,0,0,0,0,0,0,0,0,0,0,0,0,0,0,0,0,0,0,0,0,0,0.0,0,0,0,0,0,0,0,0,0,0,0,0,0,Bladder,b cell
1,1,0,1,0,1,1,1,1,0,1.0,0,1,1.0,1,1,1,1,0,1,1,1,1,1,1,0,1,1,0,1,0,1,1,1,0,0,0.0,1,1,1,1,1,0,1,1,1,1,0,1,1,Bladder,bladder urothelial cell
2,0,0,0,0,0,0,0,0,0,0.0,0,0,0.0,0,0,0,0,0,0,0,0,0,0,0,0,0,0,0,0,0,0,0,0,0,0,0.0,0,0,0,0,0,0,0,0,0,0,0,1,0,Bladder,capillary endothelial cell
3,0,0,0,0,0,0,0,0,0,0.0,0,0,0.0,0,0,0,0,0,0,0,0,0,0,0,0,0,0,0,0,0,0,0,0,0,0,0.0,0,0,0,0,0,0,0,0,0,0,0,0,1,Bladder,endothelial cell of lymphatic vessel
4,0,0,0,0,0,1,0,1,0,0.0,0,0,0.0,0,0,0,0,0,0,0,0,0,0,0,0,0,1,0,0,0,0,0,0,1,0,0.0,1,0,1,0,0,1,0,0,0,0,0,0,1,Bladder,fibroblast
5,0,0,0,0,0,0,0,0,0,0.0,0,0,0.0,0,1,0,1,0,0,0,0,0,0,0,0,0,0,1,1,0,0,0,0,1,0,1.0,1,0,0,0,0,0,1,0,0,0,0,0,0,Bladder,macrophage
6,0,0,0,0,0,0,0,0,0,0.0,0,0,0.0,0,0,0,0,0,0,0,0,0,0,0,0,0,0,0,0,0,0,0,0,0,0,0.0,0,0,0,0,0,0,0,0,0,0,0,0,0,Bladder,mast cell
7,0,0,0,0,0,0,0,1,0,0.0,0,0,0.0,0,0,0,1,0,0,0,0,0,0,0,0,0,0,0,0,0,0,0,0,0,0,0.0,0,0,0,0,0,0,0,0,0,0,0,0,1,Bladder,myofibroblast cell
8,0,0,0,0,0,0,0,0,0,0.0,0,0,0.0,0,0,0,0,0,0,1,0,0,0,1,0,0,0,0,0,0,1,0,0,0,0,0.0,0,0,1,0,0,0,0,0,1,0,0,0,0,Bladder,nk cell
9,0,0,0,0,0,0,0,0,1,0.0,0,0,0.0,0,0,0,0,0,0,0,0,0,0,0,0,0,0,0,0,0,0,0,0,0,0,1.0,0,0,0,0,0,1,0,0,0,0,0,0,1,Bladder,pericyte cell
10,0,0,0,0,0,0,0,0,0,0.0,0,0,0.0,0,0,0,0,0,0,0,0,0,0,0,0,0,0,0,0,0,0,0,0,0,0,0.0,0,0,0,0,0,0,0,0,0,0,0,0,0,Bladder,plasma cell
11,0,0,0,0,0,0,0,0,0,0.0,0,0,0.0,0,0,0,0,0,0,0,0,0,0,0,0,0,0,0,0,0,0,0,0,0,0,0.0,0,0,0,0,0,0,0,0,0,0,0,0,0,Bladder,plasmacytoid dendritic cell
12,0,0,0,0,0,0,0,0,0,0.0,0,0,0.0,0,1,0,0,0,0,0,0,0,0,0,0,0,0,0,0,0,0,0,0,0,0,0.0,0,0,0,0,0,0,0,1,0,0,0,0,0,Bladder,smooth muscle cell
13,0,0,0,0,0,0,0,0,0,0.0,0,0,0.0,0,0,0,0,0,0,0,0,0,0,0,0,0,0,0,0,0,0,0,0,0,0,0.0,0,0,0,0,0,0,0,0,0,0,0,0,0,Bladder,t cell
14,0,0,0,0,0,0,0,0,0,0.0,0,0,0.0,0,0,0,0,0,0,0,0,0,0,0,0,0,0,0,0,0,0,0,0,0,0,0.0,0,0,0,0,0,0,0,0,0,0,0,0,0,Bladder,vein endothelial cell
15,0,0,0,0,0,0,0,0,0,0.0,0,0,0.0,0,0,0,0,0,0,0,0,0,0,0,0,0,0,0,0,0,0,0,0,0,0,0.0,0,0,0,0,0,0,0,0,0,1,0,0,0,Blood,basophil
16,0,0,0,0,0,0,0,0,0,0.0,0,0,0.0,0,0,0,0,0,0,0,0,0,1,0,0,0,0,0,0,0,0,0,0,0,0,0.0,0,0,0,0,0,0,0,0,0,0,0,0,0,Blood,cd141-positive myeloid dendritic cell
17,0,0,0,0,0,0,0,0,0,0.0,0,0,0.0,0,0,0,0,0,0,0,0,0,0,0,0,0,0,0,0,0,0,0,0,0,0,0.0,0,0,0,0,0,0,0,0,0,0,0,0,0,Blood,cd24 neutrophil
18,0,1,0,0,0,0,0,0,0,0.0,0,0,0.0,0,0,0,0,0,0,0,0,0,0,0,0,0,0,0,0,0,0,0,0,0,0,0.0,0,0,0,0,0,0,0,0,0,0,0,0,0,Blood,"cd4-positive, alpha-beta memory t cell"
19,0,1,0,0,0,0,0,0,0,0.0,0,0,0.0,0,0,0,0,0,1,0,0,0,0,0,0,0,0,0,0,0,0,0,0,0,1,0.0,0,0,0,1,0,0,0,0,0,0,0,0,0,Blood,"cd4-positive, alpha-beta t cell"
20,0,1,0,1,0,0,1,0,0,0.0,1,1,0.0,1,0,1,1,1,1,1,1,1,1,1,1,1,1,1,1,1,1,1,1,1,1,1.0,0,1,1,1,0,1,1,1,0,1,1,0,1,Blood,"cd8-positive, alpha-beta cytokine secreting effector t cell"
21,0,1,0,0,0,0,0,0,0,0.0,0,0,0.0,0,0,0,0,0,0,0,0,0,0,0,0,0,0,0,0,0,0,0,0,0,1,0.0,0,0,0,1,0,0,0,0,0,0,0,0,0,Blood,"cd8-positive, alpha-beta t cell"
22,1,0,1,1,1,1,1,1,1,1.0,1,1,1.0,0,0,0,1,1,1,1,1,1,1,1,0,0,0,1,1,1,1,1,1,1,1,0.0,1,1,1,1,1,1,1,1,1,0,1,1,0,Blood,classical monocyte
23,0,0,0,0,0,0,0,0,0,0.0,0,0,0.0,0,0,0,0,0,1,0,0,0,0,0,1,1,0,0,0,0,0,0,0,0,1,0.0,0,1,0,0,1,0,0,0,0,0,0,0,0,Blood,erythrocyte
24,0,0,0,0,0,0,0,0,0,0.0,0,0,0.0,0,0,0,0,0,0,0,0,0,0,0,0,0,0,0,0,0,0,0,0,0,0,0.0,0,0,0,0,0,0,0,0,0,0,0,0,0,Blood,granulocyte
25,0,0,0,0,0,0,0,0,0,0.0,0,0,0.0,0,0,0,0,1,0,0,0,0,1,1,0,0,1,0,0,0,0,0,0,0,0,0.0,0,0,0,0,0,0,0,1,1,1,0,0,0,Blood,hematopoietic stem cell
26,0,0,0,0,0,0,0,0,0,0.0,0,0,0.0,0,0,0,0,0,0,0,0,0,0,0,0,0,0,0,0,0,0,0,0,0,1,0.0,0,0,0,0,0,0,0,0,0,0,0,0,0,Blood,macrophage
27,0,1,0,0,0,0,0,0,0,0.0,0,0,0.0,0,0,0,0,0,1,0,0,1,0,1,1,1,0,0,0,0,0,0,0,0,1,0.0,0,0,0,0,0,0,0,0,0,0,0,0,0,Blood,memory b cell
28,1,0,1,1,1,1,1,1,1,1.0,1,1,1.0,1,0,1,1,1,1,1,1,1,1,1,1,0,0,1,1,1,0,1,1,1,1,0.0,1,1,1,1,1,1,1,1,1,1,1,0,1,Blood,monocyte
29,0,0,0,0,0,0,0,0,0,0.0,0,0,0.0,0,0,0,0,0,0,0,0,0,0,0,0,0,0,0,0,0,0,0,0,0,0,0.0,0,0,0,0,0,0,0,0,0,0,0,0,0,Blood,myeloid progenitor
30,0,1,0,0,0,0,0,0,0,0.0,0,0,0.0,0,0,0,0,0,0,0,0,0,0,0,1,0,0,0,0,0,0,0,0,0,1,0.0,0,0,0,0,0,0,0,0,0,0,1,0,0,Blood,naive b cell
31,0,1,0,0,0,0,0,0,0,0.0,0,0,0.0,0,0,0,0,0,0,0,0,0,0,0,0,0,0,0,0,0,0,0,0,0,0,0.0,0,0,0,0,0,0,0,0,0,0,0,0,0,Blood,"naive thymus-derived cd4-positive, alpha-beta t cell"
32,0,0,0,0,0,0,0,0,0,0.0,0,0,0.0,0,0,0,0,0,0,0,0,0,0,0,0,0,0,0,0,0,0,0,0,0,0,0.0,0,0,0,0,0,0,0,0,0,0,0,0,0,Blood,nampt neutrophil
33,0,1,1,1,1,0,0,0,0,1.0,0,0,0.0,1,0,0,1,0,1,0,1,1,1,1,0,0,0,1,1,1,1,1,1,0,1,0.0,1,0,0,0,0,0,1,0,0,0,1,0,0,Blood,neutrophil
34,0,1,1,1,1,0,1,0,1,0.0,1,1,0.0,1,0,1,1,1,1,1,1,1,1,1,1,1,0,1,1,1,1,1,1,1,1,1.0,0,1,1,1,1,1,1,1,1,1,1,0,1,Blood,nk cell
35,0,0,0,0,0,0,0,0,0,0.0,0,0,0.0,0,0,0,0,0,0,0,0,0,0,0,0,0,0,0,0,0,0,0,0,0,0,0.0,0,0,0,0,0,0,0,0,0,0,0,0,0,Blood,non-classical monocyte
36,1,0,1,0,1,0,0,0,0,1.0,0,1,1.0,1,1,1,1,1,1,1,0,1,1,1,1,1,1,1,1,1,1,0,1,0,1,0.0,1,1,1,1,0,0,0,1,1,1,0,1,0,Blood,plasma cell
37,0,0,0,0,0,0,0,0,0,0.0,0,0,0.0,0,0,0,0,0,0,0,0,0,0,0,0,0,0,0,0,0,0,0,0,0,0,0.0,0,0,0,0,0,0,0,0,0,0,0,0,0,Blood,plasmablast
38,0,0,0,0,0,0,0,0,0,0.0,0,0,0.0,0,0,0,0,0,0,0,0,0,0,0,0,0,0,0,0,0,0,0,0,0,0,0.0,0,0,0,0,0,0,0,0,0,0,0,0,0,Blood,plasmacytoid dendritic cell
39,0,1,0,1,0,0,1,0,0,0.0,0,1,0.0,1,0,0,0,0,0,0,0,0,1,1,1,1,0,1,0,0,0,1,1,0,1,0.0,1,1,0,1,1,0,0,0,0,0,1,0,0,Blood,platelet
40,0,0,0,0,0,0,0,0,0,0.0,0,0,0.0,0,0,0,0,0,0,0,0,0,0,0,0,0,0,0,0,0,0,0,0,0,0,0.0,0,0,0,0,0,0,0,0,0,0,0,0,0,Blood,t cell
41,0,1,0,1,1,0,1,0,0,0.0,1,1,0.0,1,0,1,1,1,1,1,1,1,1,1,1,1,0,1,0,1,1,1,1,0,1,1.0,0,1,1,1,1,0,1,1,0,1,1,0,1,Blood,type i nk t cell
42,0,1,1,1,1,1,1,1,0,1.0,1,1,1.0,1,1,1,1,1,1,0,1,1,1,1,0,0,0,1,1,1,1,1,1,1,1,0.0,1,0,1,0,1,1,1,1,0,1,1,1,0,Bone_Marrow,cd24 neutrophil
43,0,1,0,0,0,0,1,0,0,0.0,0,1,0.0,0,0,0,0,0,1,0,0,0,0,0,1,1,0,0,0,0,0,0,0,0,1,1.0,0,0,0,1,0,0,0,0,0,0,1,0,0,Bone_Marrow,"cd4-positive, alpha-beta t cell"
44,0,1,0,0,0,0,0,0,0,0.0,0,1,0.0,0,0,1,0,0,1,0,0,0,0,0,0,1,0,0,0,0,0,0,0,0,1,0.0,0,0,0,1,0,0,0,0,0,0,1,0,0,Bone_Marrow,"cd8-positive, alpha-beta t cell"
45,0,0,0,0,0,0,0,0,0,0.0,0,0,0.0,0,0,0,0,0,0,0,0,0,0,0,0,0,0,0,0,0,0,0,0,0,1,0.0,0,0,0,0,0,0,0,0,0,0,0,0,0,Bone_Marrow,erythrocyte
46,1,0,0,0,1,0,0,0,0,1.0,0,1,1.0,1,0,0,0,1,0,0,0,0,1,1,0,1,1,0,1,0,1,0,0,0,1,0.0,0,0,1,0,0,0,0,1,1,1,0,1,0,Bone_Marrow,erythroid progenitor
47,1,0,0,0,1,0,0,0,0,1.0,1,0,0.0,0,0,0,0,1,1,0,1,0,1,1,0,1,0,0,1,0,1,0,1,0,1,0.0,1,0,0,0,1,0,0,0,1,1,0,1,0,Bone_Marrow,granulocyte
48,1,1,1,1,1,0,0,0,0,0.0,1,1,1.0,1,0,1,0,1,1,0,0,1,1,1,0,1,0,1,0,1,1,1,1,1,1,1.0,0,1,0,1,1,1,1,1,1,1,1,1,0,Bone_Marrow,hematopoietic stem cell
49,0,0,0,0,0,0,0,0,0,0.0,0,0,0.0,0,0,0,0,0,0,0,0,0,0,0,0,0,0,0,0,0,0,0,0,0,0,0.0,0,0,0,0,0,0,0,0,0,0,0,0,0,Bone_Marrow,macrophage
50,0,0,0,0,0,0,0,0,0,0.0,0,0,0.0,0,0,0,0,0,0,0,0,0,0,0,1,0,0,0,0,0,0,0,0,0,1,0.0,0,0,0,0,0,0,0,0,0,0,0,0,0,Bone_Marrow,memory b cell
51,0,0,0,1,1,0,0,0,0,1.0,1,0,0.0,0,0,0,1,0,0,0,1,0,1,1,0,0,0,1,1,1,0,0,1,0,1,0.0,0,0,0,0,0,0,1,0,0,0,1,1,0,Bone_Marrow,monocyte
52,1,0,0,0,1,0,1,1,0,0.0,0,1,1.0,1,0,1,1,1,1,0,0,0,1,1,0,1,1,0,1,0,1,0,0,0,1,0.0,0,0,1,0,0,0,0,1,1,1,0,1,0,Bone_Marrow,myeloid progenitor
53,0,0,0,0,0,0,0,0,0,0.0,0,0,0.0,0,0,0,0,0,0,0,0,0,0,0,0,0,0,0,0,0,0,0,0,0,1,0.0,0,0,0,0,0,0,0,0,0,0,0,0,0,Bone_Marrow,naive b cell
54,0,1,1,1,0,0,0,0,0,1.0,0,0,1.0,1,0,0,1,0,0,0,1,1,1,1,0,0,0,1,1,1,1,0,1,0,1,0.0,1,0,0,0,0,0,1,0,0,0,1,0,0,Bone_Marrow,nampt neutrophil
55,0,0,0,0,0,0,0,0,0,1.0,0,0,0.0,1,0,0,0,0,0,0,1,0,0,1,0,0,0,0,0,0,1,0,0,0,0,0.0,0,0,0,0,0,0,0,0,0,0,0,0,0,Bone_Marrow,neutrophil
56,0,1,0,1,0,0,1,0,0,0.0,1,1,0.0,1,0,1,0,0,1,1,1,1,1,1,1,1,0,0,0,1,1,1,1,0,1,1.0,0,0,0,1,0,0,1,0,1,1,1,0,0,Bone_Marrow,nk cell
57,0,0,0,1,0,0,0,0,0,0.0,0,1,1.0,0,0,0,0,0,0,0,0,0,0,0,0,0,0,0,0,1,0,0,0,1,1,0.0,0,0,0,1,0,1,0,0,0,0,0,0,0,Bone_Marrow,plasma cell
58,0,0,0,0,0,0,0,0,0,0.0,0,0,0.0,0,0,0,0,0,0,0,0,0,0,0,0,0,0,0,0,0,0,0,0,0,0,0.0,0,0,0,0,0,0,0,0,0,0,0,0,0,Bone_Marrow,plasmablast
59,0,0,0,0,0,0,0,0,0,0.0,0,0,0.0,0,0,0,0,0,0,0,0,0,0,0,0,0,0,0,0,0,0,0,0,0,0,0.0,0,0,0,0,0,0,0,0,0,0,0,0,0,Eye,adipocyte
60,0,0,0,0,0,0,0,0,0,0.0,0,0,0.0,0,0,0,0,0,0,0,0,0,0,0,0,0,0,0,0,0,0,0,0,0,0,0.0,0,0,0,0,0,0,0,0,0,0,0,0,0,Eye,b cell
61,0,0,0,0,0,0,0,0,0,0.0,0,0,0.0,0,0,0,0,0,0,0,0,0,0,0,0,0,0,0,0,0,0,0,0,0,0,0.0,0,0,0,0,0,0,0,0,0,0,0,0,0,Eye,"cd4-positive, alpha-beta t cell"
62,0,0,0,0,0,0,0,0,0,0.0,0,0,0.0,0,0,0,0,0,0,0,0,0,0,0,0,0,0,0,0,0,0,0,0,0,0,0.0,0,0,0,0,0,0,0,0,0,0,0,0,0,Eye,"cd8-positive, alpha-beta t cell"
63,0,0,0,0,0,0,0,0,0,0.0,0,0,0.0,0,0,0,0,0,0,0,0,0,0,0,0,0,0,0,0,0,0,0,0,0,0,0.0,0,0,0,0,0,0,0,0,0,0,0,0,0,Eye,ciliary body
64,1,0,1,1,0,1,1,1,0,1.0,0,0,1.0,0,1,0,0,0,0,0,1,1,1,1,0,0,1,0,0,0,1,1,1,0,0,0.0,1,1,0,0,1,0,0,0,1,1,0,1,0,Eye,conjunctival epithelial cell
65,1,0,1,1,1,1,1,1,1,1.0,1,1,1.0,1,1,1,1,1,1,1,1,1,1,1,0,1,1,0,0,1,1,1,1,0,0,0.0,1,1,1,1,1,0,1,1,1,1,0,1,1,Eye,corneal epithelial cell
66,0,0,0,1,1,1,0,1,1,0.0,1,0,1.0,0,1,0,0,1,0,0,0,0,0,0,0,0,1,1,0,1,0,0,0,1,0,0.0,1,0,1,0,0,1,1,0,0,0,0,0,1,Eye,corneal keratocyte
67,0,0,0,0,0,0,0,0,0,0.0,0,0,0.0,0,0,0,0,0,0,0,0,0,0,0,0,0,0,0,0,0,0,0,0,0,0,0.0,0,0,0,0,0,0,0,0,0,0,0,0,0,Eye,dendritic cell
68,0,0,0,0,0,0,0,0,0,0.0,0,0,0.0,0,0,0,0,0,0,0,0,0,0,0,0,0,0,0,0,0,0,0,0,0,0,0.0,0,0,0,0,0,0,0,0,0,0,0,0,0,Eye,endothelial cell
69,0,0,0,0,0,0,0,0,0,0.0,0,0,0.0,0,0,0,0,0,0,0,0,0,0,0,0,0,0,0,0,0,0,0,0,0,0,0.0,0,0,0,0,0,0,0,0,0,0,0,0,0,Eye,epithelial cell of lacrimal sac
70,0,0,0,0,0,0,0,0,0,0.0,0,0,0.0,0,0,0,0,0,0,0,0,0,0,0,0,0,0,0,0,0,0,0,0,0,0,0.0,0,0,0,0,0,0,0,0,0,0,0,0,0,Eye,erythroid lineage cell
71,0,0,0,0,0,0,0,0,1,0.0,1,1,0.0,0,1,1,0,0,0,0,0,0,0,0,0,0,0,0,0,0,0,0,0,1,0,1.0,0,0,0,0,1,0,0,0,0,0,0,0,0,Eye,eye photoreceptor cell
72,0,0,0,0,0,0,0,0,0,0.0,0,0,0.0,0,0,0,0,0,0,0,0,0,0,0,0,0,0,0,0,0,0,0,0,0,0,0.0,0,0,0,0,0,0,0,0,0,0,0,0,0,Eye,fibroblast
73,1,1,1,1,1,1,1,1,1,1.0,1,1,1.0,1,1,1,1,1,1,1,1,1,1,1,1,1,1,1,1,1,1,1,1,1,0,1.0,1,1,1,1,1,0,1,1,1,1,0,1,1,Eye,lacrimal gland functional unit cell
74,0,0,0,0,0,0,0,0,0,0.0,0,0,0.0,0,0,0,0,0,0,0,0,0,0,0,0,0,0,0,0,0,0,0,1,0,0,0.0,0,1,0,0,0,0,0,0,0,0,0,1,0,Eye,limbal stem cell
75,0,0,0,0,0,0,0,0,0,0.0,0,0,0.0,0,0,0,0,0,0,0,0,0,0,0,0,0,0,0,0,0,0,0,0,0,0,0.0,0,0,0,0,0,0,0,0,0,0,0,0,0,Eye,limbal stromal cell
76,0,0,0,0,0,0,0,0,0,0.0,0,0,0.0,0,0,0,0,0,0,0,0,0,0,0,0,0,0,1,1,0,0,0,0,1,0,0.0,1,0,0,0,0,0,1,1,0,0,0,0,0,Eye,macrophage
77,0,0,0,0,0,0,0,0,0,0.0,0,0,0.0,0,0,0,0,0,0,0,0,0,0,0,0,0,0,0,0,0,0,0,0,0,0,0.0,0,0,0,0,0,0,0,0,0,0,0,0,0,Eye,mast cell
78,0,0,0,0,0,0,0,0,0,0.0,0,0,0.0,0,0,0,0,0,0,0,0,0,0,0,0,0,0,0,0,0,0,0,0,0,0,0.0,0,0,0,0,0,0,0,0,0,0,0,0,0,Eye,melanocyte
79,0,0,0,0,0,0,0,0,0,0.0,0,0,0.0,0,0,0,0,0,0,0,0,0,0,0,0,0,0,0,0,0,0,0,0,0,0,0.0,0,0,0,0,0,0,1,0,0,0,1,0,0,Eye,microglial cell
80,0,0,0,0,0,0,0,0,0,0.0,0,0,0.0,0,0,0,0,0,0,0,0,0,0,0,0,0,0,0,0,0,0,0,0,0,0,0.0,0,0,0,0,0,0,0,0,0,0,0,0,0,Eye,monocyte
81,0,0,0,0,0,0,0,0,0,0.0,0,1,0.0,1,1,1,0,0,0,0,0,0,0,0,0,0,0,0,0,0,0,0,0,0,0,1.0,0,0,0,0,0,0,0,0,0,0,0,0,0,Eye,muller cell
82,0,0,0,0,0,0,0,0,0,0.0,0,0,0.0,0,0,0,0,0,0,0,0,0,0,0,0,0,0,0,0,0,0,0,0,0,0,0.0,0,0,0,0,0,0,0,0,0,0,0,0,0,Eye,ocular surface cell
83,0,0,0,0,0,0,0,0,0,0.0,0,0,0.0,0,0,0,0,0,0,0,0,0,0,0,0,0,0,0,0,0,0,0,0,0,0,0.0,0,0,0,0,0,0,0,0,0,0,0,0,0,Eye,plasma cell
84,1,0,1,0,1,0,1,1,0,0.0,0,0,1.0,0,1,0,0,0,0,0,1,1,0,1,0,0,1,0,0,0,1,0,1,0,0,0.0,1,1,0,0,1,0,0,0,1,1,0,1,0,Eye,radial glial cell
85,0,0,0,0,0,0,0,0,0,0.0,0,0,0.0,0,0,0,0,0,0,0,0,0,0,0,0,0,0,0,0,0,0,0,0,0,0,0.0,0,0,0,0,0,0,0,0,0,0,0,0,0,Eye,retina horizontal cell
86,0,0,0,0,0,0,0,0,0,0.0,1,0,0.0,0,0,0,0,0,0,0,0,0,0,0,0,0,0,0,0,0,0,0,0,1,0,0.0,0,0,0,0,0,0,0,0,0,0,0,0,0,Eye,retinal bipolar neuron
87,0,0,1,0,1,0,0,1,0,0.0,1,0,0.0,0,0,0,0,0,0,0,0,0,1,0,0,0,1,0,0,0,0,0,0,1,0,0.0,0,1,0,0,0,0,1,1,0,1,0,0,0,Eye,retinal blood vessel endothelial cell
88,0,0,0,0,0,0,0,0,0,0.0,0,0,0.0,0,0,0,0,0,0,0,0,0,0,0,0,0,0,0,0,0,0,0,0,0,0,0.0,0,0,0,0,0,0,0,0,0,0,0,0,0,Eye,retinal ganglion cell
89,0,0,0,0,0,0,0,0,0,0.0,0,0,0.0,0,0,0,0,0,0,0,0,0,0,0,0,0,0,0,0,0,0,0,0,0,0,0.0,0,0,0,0,0,0,0,0,0,0,0,0,0,Eye,retinal pigment epithelial cell
90,0,0,0,0,0,0,0,0,0,0.0,0,0,0.0,0,0,0,0,0,0,0,0,0,0,0,0,0,0,0,0,0,0,0,0,0,0,0.0,0,0,0,0,0,0,0,0,0,0,0,0,0,Eye,t cell
91,0,0,0,0,0,0,0,0,0,0.0,0,0,0.0,0,0,0,0,0,0,0,0,0,0,0,0,0,0,0,0,0,0,0,0,0,0,0.0,0,0,0,0,0,0,0,0,0,0,0,0,0,Fat,b cell
92,1,1,1,0,1,1,1,1,1,0.0,1,1,1.0,0,1,1,1,1,1,1,1,1,1,1,0,1,1,1,1,1,1,1,1,1,0,1.0,1,1,1,1,1,1,1,1,1,1,0,1,1,Fat,endothelial cell
93,0,0,0,1,1,1,0,1,0,0.0,0,0,0.0,0,1,0,0,1,0,0,0,0,0,0,0,0,1,0,0,0,0,0,0,0,0,0.0,1,0,1,0,0,0,0,0,0,0,0,0,1,Fat,fibroblast
94,0,0,0,0,0,0,0,0,0,1.0,0,0,1.0,0,0,0,0,0,0,0,0,0,0,0,0,0,0,0,0,0,0,0,0,0,0,0.0,0,0,0,0,0,0,0,0,0,0,0,0,0,Fat,leucocyte
95,1,1,1,1,1,1,1,1,1,0.0,1,1,0.0,1,1,1,1,1,1,1,1,1,1,1,1,1,1,1,1,1,1,1,1,1,1,1.0,1,1,1,1,1,1,1,1,1,1,1,1,1,Fat,macrophage
96,0,0,0,0,0,0,0,0,0,0.0,0,0,0.0,0,0,0,0,0,0,0,0,0,0,0,0,0,0,0,0,0,0,0,0,0,0,0.0,0,0,0,0,0,0,0,0,0,0,0,0,0,Fat,mast cell
97,0,0,0,0,0,0,0,1,0,0.0,0,0,0.0,0,0,0,0,0,0,0,1,0,0,0,0,0,1,0,0,0,0,0,0,0,0,0.0,1,0,1,0,0,0,0,0,0,0,0,0,0,Fat,mesenchymal stem cell
98,0,1,0,0,0,1,1,1,1,0.0,1,0,0.0,0,0,1,0,0,0,1,0,0,0,0,0,0,0,1,1,0,0,0,0,1,0,0.0,1,0,0,0,0,1,0,0,0,0,0,0,1,Fat,myofibroblast cell
99,0,0,0,0,0,0,0,0,0,0.0,0,0,0.0,0,0,0,0,0,0,0,0,0,0,0,0,0,0,1,1,0,0,1,0,0,0,0.0,1,0,0,0,0,0,0,0,0,0,1,0,0,Fat,neutrophil
100,0,0,0,0,0,0,1,0,0,0.0,0,0,0.0,0,0,1,0,0,0,1,0,0,0,0,0,0,0,1,0,1,0,0,0,0,1,1.0,0,0,1,1,0,0,0,0,0,1,1,0,0,Fat,nk cell
101,0,0,0,0,0,0,0,0,0,0.0,0,0,0.0,0,0,0,0,0,0,0,0,0,0,0,0,0,0,0,0,0,0,0,0,0,0,0.0,0,0,0,0,0,0,0,0,0,0,0,0,0,Fat,plasma cell
102,0,0,0,0,0,0,0,0,0,0.0,0,0,0.0,0,0,0,0,0,0,0,0,0,0,0,0,0,0,0,0,0,0,0,0,0,0,0.0,0,0,0,0,0,0,0,0,0,0,0,0,0,Fat,smooth muscle cell
103,0,0,0,0,0,0,0,0,0,1.0,0,0,1.0,0,0,0,0,0,0,0,0,0,0,0,0,0,0,0,0,0,0,0,0,0,0,0.0,0,0,0,0,0,0,0,0,0,0,0,0,0,Fat,t cell
104,1,1,1,1,1,1,1,1,1,1.0,1,0,1.0,1,1,1,1,1,1,1,1,1,1,1,1,1,1,1,1,1,1,1,1,1,1,1.0,1,1,1,1,1,1,1,1,0,1,1,1,1,Heart,cardiac endothelial cell
105,1,0,0,0,1,0,1,1,0,0.0,1,1,1.0,1,1,0,1,0,1,0,1,0,1,1,0,1,1,0,0,0,0,0,1,0,0,0.0,1,1,1,0,1,0,1,1,1,1,0,1,0,Heart,cardiac muscle cell
106,0,0,0,1,0,1,0,1,0,1.0,0,0,1.0,0,0,0,0,1,0,0,0,0,0,0,0,0,0,0,0,0,0,0,0,1,0,0.0,0,0,0,0,0,1,1,0,0,0,0,0,1,Heart,fibroblast of cardiac tissue
107,1,0,1,0,1,0,1,1,0,0.0,1,1,0.0,1,1,1,1,1,1,0,1,1,0,1,0,1,1,0,1,0,1,0,1,0,0,0.0,1,1,1,0,1,0,1,1,1,1,0,1,0,Heart,hepatocyte
108,0,0,0,0,0,0,0,0,0,0.0,0,0,0.0,0,0,0,0,0,0,0,0,0,0,0,0,0,0,0,0,0,0,0,0,0,0,0.0,0,0,0,0,0,0,0,0,0,0,0,0,0,Heart,macrophage
109,0,0,0,0,0,0,0,0,1,0.0,0,0,0.0,0,0,0,0,0,0,0,0,0,0,0,0,0,0,0,0,0,0,0,0,0,0,0.0,0,0,0,0,0,1,0,0,0,0,0,0,0,Heart,smooth muscle cell
110,0,0,0,0,0,0,0,0,0,0.0,0,0,0.0,0,0,0,0,0,0,0,0,0,0,0,0,0,0,0,0,0,0,0,0,0,1,0.0,0,0,0,0,0,0,0,0,0,0,0,0,0,Kidney,b cell
111,0,0,0,0,0,0,0,0,0,0.0,0,0,0.0,0,0,0,0,0,0,0,0,0,0,0,0,0,0,0,0,0,0,0,0,0,0,0.0,0,0,0,0,0,0,0,0,0,0,0,0,0,Kidney,cd4-positive helper t cell
112,0,0,0,0,0,0,0,0,0,1.0,0,0,1.0,0,0,0,0,0,0,0,0,0,0,0,0,0,0,0,0,0,0,0,0,0,1,0.0,0,0,0,0,0,0,0,0,0,0,1,0,0,Kidney,"cd8-positive, alpha-beta t cell"
113,1,1,1,1,1,1,1,1,1,0.0,1,1,0.0,1,1,1,1,1,1,1,1,1,1,1,1,1,1,1,1,1,1,1,1,1,1,1.0,1,1,1,1,1,1,1,1,1,1,1,1,1,Kidney,endothelial cell
114,0,0,0,0,0,0,0,0,0,0.0,0,0,0.0,0,0,0,0,0,0,0,0,0,0,0,0,0,0,0,0,0,0,0,0,0,0,0.0,0,0,0,0,0,0,0,0,0,0,0,0,0,Kidney,kidney epithelial cell
115,0,0,0,0,0,0,0,0,0,0.0,0,0,0.0,0,0,0,1,0,0,0,0,0,0,0,0,0,0,0,0,0,0,0,0,0,0,0.0,0,0,0,0,0,0,1,0,0,0,0,0,0,Kidney,macrophage
116,0,0,0,0,0,0,0,0,0,0.0,1,1,0.0,1,0,1,0,0,0,0,1,0,0,0,0,0,0,0,0,0,0,0,0,0,1,0.0,0,0,0,0,0,0,0,0,0,0,1,0,0,Kidney,nk cell
117,0,0,0,0,0,0,0,0,0,0.0,0,0,0.0,0,0,0,0,0,0,0,0,0,0,0,0,0,0,0,0,0,0,0,0,0,0,0.0,0,0,0,0,0,0,0,0,0,0,0,0,0,Large_Intestine,b cell
118,0,0,0,0,0,0,0,0,0,0.0,0,0,0.0,0,0,0,0,0,0,0,0,0,0,0,0,0,0,0,0,0,0,0,0,0,0,0.0,0,0,0,0,0,0,0,0,0,0,0,0,0,Large_Intestine,"cd4-positive, alpha-beta t cell"
119,0,0,0,0,0,0,0,0,0,0.0,0,0,0.0,0,0,0,0,0,0,0,0,0,0,0,0,0,0,0,0,0,0,0,0,0,0,0.0,0,0,0,0,0,0,0,0,0,0,0,0,0,Large_Intestine,"cd8-positive, alpha-beta t cell"
120,0,0,0,1,0,1,0,0,1,0.0,0,0,0.0,0,1,0,0,0,0,1,0,0,0,0,0,0,0,0,0,0,1,1,0,1,0,1.0,0,0,0,0,1,1,1,1,0,0,0,1,1,Large_Intestine,enterocyte of epithelium of large intestine
121,0,0,0,0,0,0,0,0,0,0.0,0,0,0.0,0,0,0,0,0,0,0,0,0,0,0,0,0,0,0,0,0,0,0,0,0,0,0.0,0,0,0,0,0,0,0,0,0,0,0,0,0,Large_Intestine,fibroblast
122,0,0,0,0,0,0,0,0,0,0.0,0,0,0.0,0,0,0,0,0,0,0,0,0,0,0,0,0,0,0,0,0,1,0,1,0,0,1.0,0,0,0,0,1,0,1,0,0,0,0,0,0,Large_Intestine,goblet cell
123,0,0,0,0,0,0,0,0,0,1.0,0,0,1.0,0,0,0,0,0,0,0,0,0,0,0,0,0,0,0,0,0,0,0,0,0,0,0.0,0,0,0,0,0,0,0,0,0,0,0,0,0,Large_Intestine,gut endothelial cell
124,1,0,0,0,0,1,0,1,0,0.0,0,0,0.0,1,1,0,0,0,0,0,0,1,0,0,0,0,0,0,0,0,0,1,0,0,0,0.0,0,0,0,0,1,0,0,1,1,1,0,1,0,Large_Intestine,immature enterocyte
125,0,0,0,0,0,0,0,0,0,0.0,0,0,0.0,0,0,0,0,0,0,0,0,0,0,0,0,0,0,0,0,0,0,0,0,0,0,0.0,0,0,0,0,0,0,0,0,0,1,0,0,0,Large_Intestine,intestinal crypt stem cell
126,0,0,0,0,0,0,0,0,0,0.0,0,0,0.0,0,0,0,0,0,0,0,0,0,0,0,0,0,0,0,0,0,0,0,0,0,0,0.0,0,0,0,0,0,0,0,0,0,0,0,0,0,Large_Intestine,intestinal crypt stem cell of large intestine
127,0,0,0,0,0,0,0,0,0,0.0,0,0,0.0,0,0,0,0,0,0,0,0,0,0,0,0,0,0,0,0,0,0,0,0,0,0,0.0,0,0,0,0,0,0,0,0,0,0,0,0,0,Large_Intestine,intestinal enteroendocrine cell
128,0,0,0,0,0,0,0,0,0,0.0,0,0,0.0,0,0,0,0,0,0,0,0,0,0,0,0,0,0,0,0,0,0,0,0,0,0,0.0,0,0,0,0,0,0,0,0,0,0,0,0,0,Large_Intestine,intestinal tuft cell
129,0,0,0,0,0,0,1,0,1,0.0,0,0,0.0,0,1,0,0,0,0,0,0,0,0,0,0,0,0,0,0,0,1,0,0,0,0,1.0,0,0,0,0,1,0,1,0,0,0,0,1,0,Large_Intestine,large intestine goblet cell
130,0,0,0,0,0,0,0,0,0,1.0,0,0,1.0,0,0,0,0,0,0,0,0,0,0,0,0,0,0,0,0,0,0,0,0,0,0,0.0,0,0,0,0,0,0,0,0,0,0,0,0,0,Large_Intestine,mast cell
131,1,1,1,1,1,1,1,1,1,0.0,1,1,0.0,1,1,1,1,0,1,1,1,1,1,1,1,0,1,1,1,0,1,1,1,1,0,1.0,1,1,1,1,1,1,1,1,0,1,1,1,1,Large_Intestine,mature enterocyte
132,0,0,0,0,0,0,0,0,0,0.0,0,0,0.0,0,0,0,0,0,0,0,0,0,0,0,0,0,0,0,0,0,0,0,0,0,0,0.0,0,0,0,0,0,0,0,0,0,0,0,0,0,Large_Intestine,monocyte
133,0,0,0,0,0,0,0,0,0,0.0,0,0,0.0,0,0,0,0,0,0,0,0,0,0,0,0,0,0,0,0,0,0,0,0,0,0,0.0,0,0,0,0,0,0,0,0,0,0,0,0,0,Large_Intestine,neutrophil
134,0,0,0,1,0,1,1,0,1,0.0,0,0,0.0,0,0,0,0,0,1,0,0,1,0,0,0,0,0,1,0,0,1,1,0,0,0,1.0,0,0,0,0,1,1,1,1,0,0,0,1,1,Large_Intestine,paneth cell of epithelium of large intestine
135,0,0,0,0,0,0,0,0,0,0.0,0,0,0.0,0,0,0,0,0,0,0,0,0,0,0,0,0,0,0,0,0,0,0,0,0,0,0.0,0,0,0,1,0,0,0,0,0,0,0,1,0,Large_Intestine,plasma cell
136,0,0,0,0,0,0,0,0,0,0.0,0,0,0.0,0,0,0,0,0,0,0,0,0,0,0,0,0,0,0,0,0,0,0,0,0,0,0.0,0,0,0,0,0,0,0,0,0,0,0,1,0,Large_Intestine,transit amplifying cell of large intestine
137,0,0,0,0,0,0,0,0,0,0.0,0,0,0.0,0,0,0,0,0,0,0,0,0,0,0,0,0,0,0,0,0,0,0,0,0,0,0.0,0,0,0,0,0,0,0,0,0,0,0,0,0,Liver,endothelial cell
138,1,1,1,0,1,1,0,1,1,0.0,1,0,0.0,0,0,1,0,0,0,0,0,0,1,0,0,0,1,0,0,0,0,0,0,1,0,1.0,1,1,0,0,0,1,0,0,0,0,0,0,1,Liver,endothelial cell of hepatic sinusoid
139,1,0,0,0,0,0,0,0,0,0.0,0,0,0.0,0,0,0,0,0,0,0,0,0,0,0,0,0,0,0,0,0,0,0,0,0,0,0.0,0,0,0,0,0,0,0,0,0,0,0,0,0,Liver,erythrocyte
140,0,0,0,0,0,0,0,0,0,0.0,0,0,1.0,0,0,0,0,0,0,0,0,0,0,0,0,0,0,0,0,0,0,0,0,0,0,0.0,0,0,0,0,0,0,0,0,0,0,0,0,0,Liver,fibroblast
141,1,0,0,1,1,1,1,1,0,0.0,0,0,0.0,1,1,0,1,1,1,0,0,1,1,0,0,1,1,0,1,0,0,1,1,1,0,1.0,1,1,1,1,1,1,1,0,0,1,1,1,1,Liver,hepatocyte
142,0,0,0,0,0,0,0,0,0,0.0,0,0,0.0,0,0,0,0,0,0,0,0,0,0,0,0,0,0,0,0,0,0,0,0,0,0,0.0,0,0,0,0,0,0,0,0,0,0,0,0,0,Liver,intrahepatic cholangiocyte
143,0,0,0,0,0,0,0,0,0,0.0,0,0,0.0,0,0,0,0,0,0,0,0,0,0,0,0,0,0,0,0,0,0,0,0,0,0,0.0,0,0,0,0,0,0,0,0,0,0,0,0,0,Liver,liver dendritic cell
144,0,0,0,0,0,0,0,0,0,0.0,0,0,0.0,0,0,0,0,0,0,0,0,0,0,0,0,0,0,0,0,0,0,0,0,0,0,0.0,0,0,0,0,0,0,0,0,0,0,0,0,0,Liver,macrophage
145,0,0,0,0,0,0,0,0,0,0.0,0,0,0.0,0,0,0,0,0,0,0,0,0,0,0,0,0,0,0,0,0,0,0,0,0,0,0.0,0,0,0,0,0,0,0,0,0,0,0,0,0,Liver,monocyte
146,0,0,0,0,0,0,0,0,0,0.0,0,0,0.0,1,0,0,0,0,0,0,0,0,0,0,0,0,0,0,0,0,0,0,0,0,0,0.0,0,0,0,0,0,0,0,0,0,0,0,0,0,Liver,neutrophil
147,1,0,0,0,0,0,0,0,0,0.0,0,0,0.0,0,0,0,0,0,0,1,0,0,0,0,0,0,0,0,0,1,0,0,0,0,1,1.0,0,0,1,1,0,0,0,0,1,1,0,0,0,Liver,nk cell
148,0,0,0,0,0,0,0,0,0,0.0,0,0,0.0,0,0,0,0,0,0,0,0,0,0,0,0,0,0,0,0,0,0,0,0,0,0,0.0,0,0,0,0,0,0,0,0,0,0,0,0,0,Liver,plasma cell
149,0,0,0,0,0,0,0,0,0,0.0,0,0,1.0,0,0,0,0,0,0,0,0,0,0,0,0,0,0,0,0,0,0,0,0,0,0,0.0,0,0,0,0,0,0,0,0,0,0,0,0,0,Liver,t cell
150,0,1,0,1,1,1,0,1,1,0.0,0,0,0.0,0,1,0,0,1,0,1,1,0,0,0,0,0,1,1,1,1,0,1,0,1,0,0.0,1,0,1,1,0,1,1,1,0,0,0,0,1,Lung,adventitial cell
151,0,0,0,0,0,1,0,0,0,0.0,0,0,0.0,0,0,0,0,0,0,0,0,0,0,0,0,0,0,0,0,0,0,0,0,0,0,0.0,0,0,0,0,0,0,0,0,0,0,0,0,0,Lung,alveolar fibroblast
152,0,0,0,0,0,0,0,0,0,1.0,0,0,1.0,0,0,0,0,0,0,0,0,0,0,0,0,0,0,0,0,0,0,0,0,0,0,0.0,0,0,0,0,0,0,0,0,0,0,0,0,0,Lung,b cell
153,1,0,1,1,0,1,0,1,1,0.0,1,1,0.0,1,1,1,1,1,0,1,1,1,1,0,0,0,1,0,0,1,0,1,1,1,0,1.0,0,1,0,0,1,1,1,0,0,1,0,1,0,Lung,basal cell
154,0,0,0,0,0,0,0,0,0,0.0,0,0,0.0,0,0,0,0,0,0,0,0,0,0,0,0,1,0,0,0,0,0,0,0,0,0,0.0,0,0,0,0,0,0,0,0,0,0,0,0,0,Lung,basophil
155,0,0,0,0,0,0,0,0,0,0.0,0,0,0.0,0,0,0,0,0,0,0,0,0,0,0,0,0,0,0,0,0,0,0,0,0,0,0.0,0,0,0,0,0,0,0,0,0,0,0,0,0,Lung,bronchial smooth muscle cell
156,0,0,0,0,0,0,0,0,0,0.0,0,0,1.0,0,0,0,0,0,0,0,0,0,0,0,0,0,0,0,0,0,0,0,0,0,0,0.0,0,0,0,0,0,0,0,0,0,0,0,0,0,Lung,bronchial vessel endothelial cell
157,0,1,1,1,0,0,0,1,0,0.0,1,0,1.0,1,0,1,0,0,0,1,1,0,1,1,1,0,0,0,0,1,1,0,1,0,0,1.0,1,1,0,0,1,1,0,0,0,1,1,0,1,Lung,capillary aerocyte
158,0,1,1,1,1,0,0,1,1,0.0,1,1,0.0,1,0,1,1,0,0,1,1,1,1,1,1,0,0,1,1,1,1,1,1,1,0,1.0,1,1,0,0,1,1,1,0,0,1,1,0,1,Lung,capillary endothelial cell
159,0,0,0,0,0,0,0,0,0,0.0,0,0,0.0,0,0,0,0,0,0,0,0,0,0,0,0,0,0,0,0,0,0,0,0,0,0,0.0,0,0,0,0,0,0,0,0,0,0,0,0,0,Lung,cd4-positive alpha-beta t cell
160,0,0,0,0,0,0,0,0,0,0.0,0,0,0.0,0,0,0,0,0,0,0,0,0,0,0,0,0,0,0,0,0,0,0,0,0,0,0.0,0,0,0,0,0,0,0,0,0,0,0,0,0,Lung,"cd4-positive, alpha-beta t cell"
161,0,0,0,0,0,0,0,0,0,0.0,0,0,0.0,0,0,0,0,0,0,0,0,0,0,0,0,0,0,0,0,0,0,0,0,0,0,0.0,0,0,0,0,0,0,0,0,0,0,0,0,0,Lung,cd8-positive alpha-beta t cell
162,0,0,0,0,0,0,0,0,0,0.0,0,0,0.0,0,0,0,0,0,0,0,0,0,0,0,0,0,0,0,0,0,0,0,0,0,1,0.0,0,0,0,0,0,0,0,0,0,0,1,0,0,Lung,"cd8-positive, alpha-beta t cell"
163,0,0,0,0,0,0,0,0,0,0.0,0,0,0.0,0,0,0,0,0,0,0,0,0,0,0,0,0,0,0,0,0,0,0,0,0,0,0.0,0,0,0,0,0,0,0,0,0,0,0,0,0,Lung,classical monocyte
164,0,0,0,0,0,0,0,0,0,0.0,0,0,0.0,0,0,0,0,0,0,0,0,0,0,0,0,0,0,0,0,0,0,0,0,0,0,0.0,0,0,0,0,0,0,0,0,0,0,0,0,0,Lung,club cell
165,0,0,0,0,0,0,0,0,0,0.0,0,0,1.0,0,0,0,0,0,0,0,0,0,1,0,0,0,0,0,0,0,0,0,0,0,0,0.0,0,0,0,0,0,0,0,0,0,0,1,0,0,Lung,dendritic cell
166,0,0,1,0,0,0,0,0,1,0.0,0,0,0.0,0,0,1,0,0,0,0,0,0,1,0,0,0,0,0,0,1,0,0,0,1,0,0.0,0,1,0,0,0,0,0,0,0,0,0,0,1,Lung,endothelial cell of artery
167,0,0,0,0,0,0,0,0,0,0.0,0,0,0.0,0,0,0,0,0,0,0,0,0,0,0,0,0,0,0,0,0,0,0,0,0,0,0.0,0,0,0,0,0,0,0,0,0,0,0,0,0,Lung,endothelial cell of lymphatic vessel
168,0,0,0,0,0,0,0,0,0,0.0,0,0,0.0,0,0,0,0,0,0,0,0,0,0,0,0,0,0,0,0,0,0,0,0,0,0,0.0,0,0,0,0,0,0,0,0,0,0,0,0,0,Lung,fibroblast
169,0,0,0,0,0,0,0,0,0,1.0,0,0,1.0,0,0,0,0,0,0,0,0,0,0,0,0,0,0,0,0,0,0,0,0,0,0,0.0,0,0,0,0,0,0,0,0,0,0,0,0,0,Lung,intermediate monocyte
170,1,0,1,1,1,1,0,1,1,0.0,1,1,0.0,1,1,1,1,0,0,1,1,1,1,0,0,0,1,0,0,1,0,1,1,1,0,0.0,0,1,1,0,1,1,1,1,1,1,0,1,1,Lung,lung ciliated cell
171,0,0,0,0,0,0,0,0,0,1.0,0,0,1.0,0,0,0,0,0,0,0,0,0,0,0,0,0,0,0,0,0,0,0,0,0,0,0.0,0,0,0,0,0,0,0,0,0,0,0,0,0,Lung,lung microvascular endothelial cell
172,1,0,1,1,1,1,0,1,1,0.0,1,1,0.0,1,1,0,1,1,0,1,1,1,1,0,1,0,1,1,1,1,1,1,1,1,0,1.0,1,1,1,1,1,1,1,1,1,1,0,1,1,Lung,macrophage
173,0,0,0,0,0,0,0,0,0,0.0,0,0,0.0,0,0,0,0,0,0,0,0,0,0,0,0,0,0,0,0,0,0,0,0,0,0,0.0,0,0,0,0,0,0,0,0,0,0,0,0,0,Lung,mesothelial cell
174,0,0,0,0,0,0,0,0,0,0.0,0,0,0.0,0,0,0,0,0,0,0,0,0,0,0,0,0,0,0,0,0,0,0,0,0,0,0.0,0,0,0,0,0,0,0,0,0,0,0,0,0,Lung,myofibroblast cell
175,0,0,0,0,0,0,0,0,0,0.0,0,0,0.0,0,0,0,0,0,0,0,0,0,0,0,0,0,0,0,1,0,0,0,0,0,0,0.0,0,0,0,0,0,0,0,0,0,0,0,0,0,Lung,neutrophil
176,0,0,0,0,0,0,0,0,0,0.0,0,0,0.0,0,0,0,0,0,0,0,0,0,0,0,0,0,0,0,0,0,0,0,0,0,1,0.0,0,0,0,0,0,0,0,0,0,0,0,0,0,Lung,nk cell
177,0,0,0,0,0,0,0,0,0,0.0,0,0,0.0,0,0,0,0,0,0,0,0,0,0,0,0,0,0,0,0,0,0,0,0,0,0,0.0,0,0,0,0,0,0,0,0,0,0,1,0,0,Lung,non-classical monocyte
178,0,0,0,0,0,0,1,0,0,0.0,0,0,0.0,0,0,0,0,0,0,1,0,0,0,0,0,0,0,0,0,0,0,0,0,0,0,0.0,0,0,0,0,0,0,0,0,0,0,1,0,0,Lung,pericyte cell
179,0,0,0,0,0,0,0,0,0,0.0,0,0,0.0,0,0,0,0,0,0,0,0,0,0,0,0,0,0,0,0,0,0,0,0,0,0,0.0,0,0,0,0,0,0,0,0,0,0,0,0,0,Lung,plasma cell
180,0,0,0,0,0,0,0,0,0,0.0,0,0,0.0,0,0,0,0,0,0,0,0,0,0,0,0,0,0,0,0,0,0,0,0,0,0,0.0,0,0,0,0,0,0,0,0,0,0,0,0,0,Lung,plasmacytoid dendritic cell
181,0,0,0,0,0,0,0,1,0,1.0,0,0,1.0,0,0,0,0,0,0,0,0,0,0,0,0,0,0,0,0,0,0,0,0,0,0,0.0,0,0,0,0,0,0,0,0,0,0,0,0,0,Lung,pulmonary ionocyte
182,1,0,1,1,1,1,0,1,1,0.0,0,1,0.0,1,1,1,1,1,0,1,1,1,1,0,0,0,1,0,0,0,0,1,0,1,0,0.0,0,1,0,0,1,1,0,1,1,0,0,1,0,Lung,respiratory goblet cell
183,0,0,0,0,0,0,0,0,0,0.0,0,0,0.0,0,0,0,0,0,0,0,0,0,0,0,0,0,0,0,0,0,0,0,0,0,0,0.0,0,0,0,0,0,0,0,0,0,0,0,0,0,Lung,respiratory mucous cell
184,0,0,0,0,0,0,0,0,0,0.0,0,0,0.0,0,0,0,0,0,0,0,0,0,0,0,0,0,0,0,0,0,0,0,0,0,0,0.0,0,0,0,0,0,0,0,0,0,0,0,0,0,Lung,serous cell of epithelium of bronchus
185,0,0,0,0,0,0,0,0,0,0.0,0,0,0.0,0,0,0,0,0,0,0,0,0,0,0,0,0,0,0,0,0,0,0,0,0,0,0.0,0,0,0,0,0,0,0,0,0,0,0,0,0,Lung,smooth muscle cell
186,0,0,0,0,0,0,0,0,0,1.0,0,0,1.0,0,0,0,0,0,0,0,0,0,0,0,0,0,0,0,0,0,0,0,0,0,0,0.0,0,0,0,0,1,0,0,0,0,0,0,0,0,Lung,type i pneumocyte
187,1,0,0,0,1,0,0,1,0,0.0,0,0,0.0,1,1,0,0,0,0,0,1,0,0,0,0,0,1,0,1,0,0,0,0,0,0,0.0,1,0,1,0,1,0,0,1,1,1,0,1,0,Lung,type ii pneumocyte
188,0,0,0,0,0,0,0,0,0,0.0,0,0,0.0,0,0,0,0,0,0,0,0,0,0,0,0,0,0,0,0,0,0,0,0,0,0,0.0,0,0,0,0,0,0,0,0,0,0,0,0,0,Lung,vascular associated smooth muscle cell
189,0,0,1,1,0,0,0,1,1,0.0,1,0,0.0,0,0,1,0,0,0,1,0,0,0,0,0,0,1,0,1,1,0,0,0,1,0,0.0,0,1,0,0,0,1,0,0,0,0,0,0,1,Lung,vein endothelial cell
190,0,1,0,0,0,0,0,0,0,0.0,0,0,0.0,0,0,0,0,0,0,0,0,0,0,0,1,0,0,0,0,0,0,0,0,0,1,0.0,0,0,0,0,0,0,0,0,0,0,1,0,0,Lymph_Node,b cell
191,0,0,0,0,0,0,0,0,0,0.0,0,0,0.0,0,0,0,0,0,0,0,0,0,1,0,0,0,0,0,0,0,0,0,0,0,0,0.0,0,0,0,0,0,0,0,0,1,0,0,0,0,Lymph_Node,cd141-positive myeloid dendritic cell
192,0,0,0,0,0,0,0,0,0,0.0,0,0,0.0,0,0,0,0,0,0,0,0,0,0,0,0,0,0,0,0,0,0,0,0,0,0,0.0,0,0,0,0,0,0,0,0,0,0,0,0,0,Lymph_Node,cd1c-positive myeloid dendritic cell
193,0,1,0,0,0,0,1,0,0,0.0,0,0,0.0,1,0,0,0,0,1,0,0,0,0,0,1,1,0,0,0,0,0,0,0,0,1,1.0,0,0,0,0,0,0,0,0,0,0,0,0,0,Lymph_Node,cd4-positive alpha-beta t cell
194,0,1,0,0,0,0,0,0,0,0.0,0,0,0.0,0,0,0,0,0,0,0,0,0,0,0,0,0,0,0,0,0,0,0,0,0,0,1.0,0,0,0,0,0,0,0,0,0,0,0,0,0,Lymph_Node,"cd4-positive, alpha-beta memory t cell"
195,0,0,0,0,0,0,0,0,0,0.0,0,0,0.0,0,0,0,0,0,0,0,0,0,0,0,0,0,0,0,0,0,0,0,0,0,0,0.0,0,0,0,0,0,0,0,0,0,0,0,0,0,Lymph_Node,cd8-positive alpha-beta t cell
196,0,0,0,0,0,0,0,0,0,0.0,0,0,0.0,0,0,0,0,0,0,0,0,0,0,0,0,1,0,0,0,0,0,0,0,0,0,0.0,0,0,0,0,0,0,0,0,0,0,0,0,0,Lymph_Node,"cd8-positive, alpha-beta memory t cell"
197,0,0,0,0,0,0,0,0,0,0.0,0,0,0.0,0,0,0,0,0,0,0,0,0,0,0,0,0,0,0,0,0,0,0,0,0,0,0.0,0,0,0,0,0,0,0,0,0,0,0,0,0,Lymph_Node,classical monocyte
198,0,0,1,0,0,0,0,0,0,0.0,0,0,0.0,0,0,0,0,0,0,0,0,0,0,0,0,0,1,0,0,1,0,0,0,0,0,0.0,0,0,0,0,0,0,0,0,0,0,0,0,0,Lymph_Node,endothelial cell
199,0,0,0,0,0,0,0,0,0,0.0,0,0,0.0,0,0,0,0,0,0,0,0,0,0,0,0,0,0,0,0,0,0,0,0,0,0,0.0,0,0,0,0,0,0,0,0,0,0,0,0,0,Lymph_Node,erythrocyte
200,0,0,0,0,0,0,0,0,0,0.0,0,0,0.0,0,0,0,0,0,0,0,0,0,0,0,0,0,0,0,0,0,0,0,0,0,0,0.0,0,0,0,0,0,0,0,0,0,0,0,0,0,Lymph_Node,hematopoietic stem cell
201,0,1,0,0,0,0,0,0,0,0.0,0,0,0.0,0,0,0,0,0,0,0,0,0,0,0,0,0,0,0,0,0,0,0,0,0,0,1.0,0,0,0,0,0,0,0,0,0,0,0,0,0,Lymph_Node,innate lymphoid cell
202,1,0,0,0,0,0,0,0,0,1.0,0,0,1.0,0,0,0,0,0,0,0,0,0,0,0,0,0,0,0,0,0,0,0,0,0,0,0.0,0,0,0,0,0,0,0,0,0,0,0,0,0,Lymph_Node,intermediate monocyte
203,1,1,1,1,1,0,1,1,1,0.0,1,1,0.0,1,1,0,1,1,0,1,0,1,1,1,1,1,1,1,1,1,1,1,1,1,0,1.0,1,1,1,1,1,1,1,1,1,1,1,1,0,Lymph_Node,macrophage
204,0,0,0,0,0,0,1,0,0,0.0,0,0,0.0,0,0,0,0,0,0,0,0,0,0,0,0,0,0,0,0,0,0,0,0,0,0,0.0,0,0,0,0,0,0,0,0,0,0,0,0,0,Lymph_Node,mast cell
205,0,0,0,0,0,0,0,0,0,0.0,0,0,0.0,0,0,0,0,0,0,0,0,0,0,0,0,0,0,0,0,0,0,0,0,0,0,0.0,0,0,0,0,0,0,0,0,0,0,0,0,0,Lymph_Node,mature conventional dendritic cell
206,0,0,0,0,0,0,0,0,0,0.0,0,0,0.0,0,0,0,0,0,0,0,0,0,0,0,0,0,0,0,0,0,0,0,0,0,0,0.0,0,0,0,0,0,0,0,0,0,0,0,0,0,Lymph_Node,mature nk t cell
207,0,0,0,0,0,0,0,0,0,0.0,0,0,0.0,0,0,0,0,0,0,0,0,0,0,0,0,0,0,0,0,0,0,0,0,0,1,0.0,0,0,0,0,0,0,0,0,0,0,1,0,0,Lymph_Node,memory b cell
208,0,1,0,0,0,0,0,0,0,0.0,0,0,0.0,0,0,0,0,0,0,0,0,0,0,0,0,0,0,0,0,0,0,0,0,0,1,0.0,0,0,0,0,0,0,0,0,0,0,1,0,0,Lymph_Node,naive b cell
209,0,1,0,0,0,0,0,0,0,0.0,0,0,0.0,0,0,0,0,0,0,0,0,0,0,0,0,0,0,0,0,0,0,0,0,0,0,0.0,0,0,0,0,0,0,0,0,0,0,0,0,0,Lymph_Node,"naive thymus-derived cd4-positive, alpha-beta t cell"
210,0,0,0,0,0,0,0,0,0,0.0,0,0,0.0,0,0,0,0,0,0,0,0,0,0,0,0,0,0,1,1,0,0,0,0,0,0,0.0,0,0,0,0,0,0,0,0,0,0,1,0,0,Lymph_Node,neutrophil
211,0,1,0,0,0,0,1,0,0,0.0,1,1,0.0,0,0,1,0,0,1,0,0,0,0,0,0,0,0,0,0,0,1,0,0,0,1,1.0,0,0,0,1,0,0,0,0,0,0,0,0,0,Lymph_Node,nk cell
212,0,0,0,0,0,0,0,0,0,1.0,0,0,1.0,0,0,0,0,0,0,0,0,0,0,0,0,0,0,0,0,0,0,0,0,0,0,0.0,0,0,0,0,0,0,0,0,0,0,0,0,0,Lymph_Node,non-classical monocyte
213,1,0,0,0,1,0,0,0,1,0.0,1,1,0.0,0,0,0,0,0,0,1,0,1,1,1,1,0,0,1,1,1,0,1,0,1,1,0.0,0,1,0,1,0,1,0,1,1,1,0,1,1,Lymph_Node,plasma cell
214,0,0,0,0,0,0,0,0,0,0.0,0,0,0.0,0,0,0,0,0,0,0,0,0,0,0,0,0,0,0,0,0,0,0,0,0,0,0.0,0,0,0,0,0,0,0,0,0,0,0,0,0,Lymph_Node,plasmacytoid dendritic cell
215,1,1,0,1,0,0,1,0,0,0.0,0,1,0.0,0,0,0,0,0,1,0,0,0,1,1,1,1,0,0,0,0,0,0,0,0,1,1.0,0,0,1,0,0,0,0,0,1,0,0,0,0,Lymph_Node,regulatory t cell
216,0,0,0,0,0,0,0,1,0,0.0,0,0,0.0,0,0,0,0,0,0,0,0,0,0,0,0,0,0,0,0,0,0,0,0,0,0,0.0,0,0,0,0,0,0,0,0,0,0,0,0,0,Lymph_Node,stromal cell
217,0,1,0,0,0,0,0,0,0,0.0,0,0,0.0,0,0,0,0,0,0,0,0,0,0,0,0,0,0,0,0,0,0,0,0,0,0,1.0,0,0,0,0,0,0,0,0,0,0,0,0,0,Lymph_Node,t cell
218,0,1,0,0,0,0,0,0,0,0.0,0,0,0.0,0,0,0,0,0,0,0,0,0,0,0,0,0,0,0,0,0,0,0,0,0,1,1.0,0,0,0,0,0,0,0,0,0,0,0,0,0,Lymph_Node,type i nk t cell
219,0,0,0,0,0,0,0,0,0,0.0,0,0,0.0,0,0,0,0,0,0,0,0,0,0,0,0,0,0,0,0,0,0,0,0,0,0,0.0,0,0,0,0,0,0,0,0,0,0,0,0,0,Mammary,b cell
220,0,0,0,0,0,0,0,0,0,0.0,0,0,0.0,0,0,0,0,0,0,0,0,0,0,0,0,0,0,0,0,0,0,0,0,0,0,0.0,0,0,0,0,0,0,0,0,0,0,0,0,0,Mammary,basal cell
221,0,0,0,0,0,0,0,0,0,0.0,0,0,0.0,0,0,0,0,0,0,0,0,0,0,0,0,0,0,0,0,0,0,0,0,0,0,0.0,0,0,0,0,0,0,0,0,0,0,0,0,0,Mammary,endothelial cell of artery
222,0,0,0,0,0,0,0,0,0,0.0,0,0,0.0,0,0,0,0,0,0,0,0,0,0,0,0,0,0,0,0,0,0,0,0,0,0,0.0,0,0,0,0,0,0,0,0,0,0,0,0,0,Mammary,endothelial cell of lymphatic vessel
223,0,0,0,0,0,0,0,1,0,1.0,0,0,1.0,0,0,0,0,0,0,0,0,0,0,0,0,0,0,0,0,0,0,0,0,0,0,0.0,0,0,0,0,0,0,0,0,0,0,0,0,0,Mammary,fibroblast of breast
224,0,0,1,0,0,0,0,1,0,0.0,0,0,0.0,0,1,0,0,1,0,1,0,1,0,0,0,0,1,0,0,0,1,1,0,0,0,0.0,0,1,0,0,1,0,0,0,1,1,0,0,0,Mammary,luminal epithelial cell of mammary gland
225,0,0,0,0,0,0,0,0,0,0.0,0,0,0.0,0,0,0,0,0,0,0,0,0,0,0,0,0,0,0,0,0,0,0,0,0,0,0.0,0,0,0,0,0,0,0,0,0,0,0,0,0,Mammary,macrophage
226,0,0,0,0,0,0,0,0,0,0.0,0,0,0.0,0,0,0,0,0,0,0,0,0,0,0,0,0,0,0,0,0,0,0,0,0,0,0.0,0,0,0,0,0,0,0,0,0,0,0,0,0,Mammary,mast cell
227,0,0,0,0,0,0,0,0,0,0.0,0,0,0.0,0,0,0,0,0,0,0,0,0,0,0,0,0,0,0,0,0,0,0,0,0,0,0.0,0,0,0,0,0,0,0,0,0,0,0,0,0,Mammary,nk cell
228,0,0,0,0,0,0,0,0,0,0.0,0,0,0.0,0,0,0,0,0,0,0,0,0,0,0,0,0,0,0,0,0,0,0,0,0,0,0.0,0,0,0,0,0,0,0,0,0,0,0,0,0,Mammary,pericyte cell
229,0,0,0,0,0,0,0,0,0,0.0,0,0,0.0,0,0,0,0,0,0,0,0,0,0,0,0,0,0,0,0,0,0,0,0,0,0,0.0,0,0,0,0,0,0,0,0,0,0,0,0,0,Mammary,plasma cell
230,0,0,0,0,0,0,0,0,0,0.0,0,0,0.0,0,0,0,0,0,0,0,0,0,0,0,0,0,0,0,0,0,0,0,0,0,0,0.0,0,0,0,0,0,0,0,0,0,0,0,0,0,Mammary,t cell
231,0,0,0,0,0,0,0,0,0,0.0,0,0,0.0,0,0,0,0,0,0,0,0,0,0,0,0,0,0,0,0,0,0,0,0,0,0,0.0,0,0,0,0,0,0,0,0,0,0,0,0,0,Mammary,vascular associated smooth muscle cell
232,0,0,0,0,0,0,0,0,0,0.0,0,0,0.0,0,0,0,0,0,0,0,0,0,0,0,0,0,0,0,0,0,0,0,0,0,0,0.0,0,0,0,0,0,0,0,0,0,0,0,0,0,Mammary,vein endothelial cell
233,0,1,1,0,0,0,0,0,1,0.0,0,0,0.0,0,0,1,0,0,0,1,0,0,1,0,0,0,0,1,0,1,0,0,0,1,0,1.0,1,0,0,0,1,1,1,0,0,1,0,0,1,Muscle,capillary endothelial cell
234,0,0,0,0,0,0,0,0,0,0.0,0,0,0.0,0,0,0,0,0,0,0,0,0,0,0,0,0,0,0,0,0,0,0,0,0,0,0.0,0,0,0,0,0,0,0,0,0,0,0,0,0,Muscle,"cd4-positive, alpha-beta t cell"
235,0,0,0,0,0,0,0,0,0,0.0,0,0,0.0,0,0,0,0,0,0,0,0,0,0,0,0,0,0,0,0,0,0,0,0,0,0,0.0,0,0,0,0,0,0,0,0,0,0,0,0,0,Muscle,"cd8-positive, alpha-beta t cell"
236,0,0,0,0,0,0,0,0,1,0.0,0,0,0.0,0,0,1,0,0,0,0,0,0,0,0,0,0,0,0,0,0,0,0,0,1,0,0.0,0,0,0,0,0,0,0,0,0,0,0,0,0,Muscle,endothelial cell of artery
237,0,0,0,0,0,0,0,0,0,0.0,0,0,0.0,0,0,0,0,0,0,0,0,0,0,0,0,0,0,0,0,0,0,0,0,0,0,0.0,0,0,0,0,0,0,0,0,0,0,0,0,0,Muscle,endothelial cell of lymphatic vessel
238,0,0,0,0,0,0,0,0,0,0.0,0,0,0.0,0,0,0,0,0,0,0,0,0,0,0,0,0,0,0,0,0,0,0,0,0,0,0.0,0,0,0,0,0,0,0,0,0,0,0,0,0,Muscle,endothelial cell of vascular tree
239,0,0,0,0,0,0,0,0,0,0.0,0,0,0.0,0,0,0,0,0,0,0,0,0,0,0,0,0,0,0,0,0,0,0,0,0,0,0.0,0,0,0,0,0,0,0,0,0,0,0,0,0,Muscle,erythrocyte
240,0,0,0,0,0,0,0,0,0,0.0,0,0,0.0,0,0,0,0,0,0,0,0,0,0,0,0,0,0,0,0,0,0,0,0,0,0,0.0,0,0,0,0,0,0,0,0,0,0,0,0,0,Muscle,fast muscle cell
241,0,0,0,0,0,0,0,0,1,0.0,0,0,0.0,0,0,0,1,0,0,0,0,0,0,0,0,0,0,1,1,0,0,1,0,1,0,1.0,1,0,0,0,0,0,1,0,0,0,0,0,0,Muscle,macrophage
242,0,0,0,0,0,0,0,0,0,0.0,0,0,0.0,0,0,0,0,0,0,0,0,0,0,0,0,0,0,0,0,0,0,0,0,0,0,0.0,0,0,0,0,0,0,0,0,0,0,0,0,0,Muscle,mast cell
243,0,0,0,0,0,0,0,0,0,0.0,0,0,0.0,0,0,0,0,0,0,0,0,0,0,0,0,0,0,0,0,0,0,0,0,0,0,0.0,0,0,0,1,0,0,0,0,0,0,0,0,0,Muscle,mature nk t cell
244,0,0,0,0,0,1,0,1,0,0.0,0,0,0.0,0,0,0,0,0,0,0,0,0,0,0,0,0,0,0,0,0,0,0,0,0,0,0.0,0,0,0,0,0,0,0,0,0,0,0,0,1,Muscle,mesenchymal stem cell
245,0,0,0,0,0,0,0,0,0,0.0,0,0,0.0,0,0,0,0,0,0,0,0,0,0,0,0,0,0,0,0,0,0,0,0,0,0,1.0,0,0,0,0,0,0,0,0,0,0,0,0,0,Muscle,mesothelial cell
246,0,1,0,0,0,0,1,1,1,0.0,1,0,0.0,0,0,1,0,0,0,1,0,0,0,0,0,0,0,0,0,0,0,0,0,1,0,0.0,1,0,0,0,0,1,0,0,0,1,0,0,1,Muscle,pericyte cell
247,0,0,0,0,0,0,0,0,0,0.0,0,0,0.0,0,0,0,0,0,0,0,0,0,0,0,0,0,0,0,0,0,0,0,0,0,0,0.0,0,0,0,0,0,0,0,0,0,0,0,0,0,Muscle,skeletal muscle satellite stem cell
248,0,0,0,0,0,0,0,0,0,0.0,0,0,0.0,0,0,0,0,0,0,0,0,0,0,0,0,0,0,0,0,0,0,0,0,0,0,0.0,0,0,0,0,0,0,0,0,0,0,0,0,0,Muscle,slow muscle cell
249,0,1,0,0,0,0,0,0,1,0.0,0,0,0.0,0,0,0,0,0,0,0,0,0,0,0,0,0,0,0,0,0,0,0,0,0,0,0.0,0,0,0,0,0,1,0,0,0,0,0,0,1,Muscle,smooth muscle cell
250,0,0,0,0,0,0,0,0,0,0.0,0,0,0.0,0,0,0,0,0,0,0,0,0,0,0,0,0,0,0,0,0,0,0,0,0,0,0.0,0,0,0,0,0,0,0,0,0,0,0,0,0,Muscle,t cell
251,0,0,0,0,0,1,0,0,0,0.0,0,0,0.0,0,0,0,0,0,0,0,0,0,0,0,0,0,0,0,0,0,0,0,0,0,0,,0,0,0,0,0,0,0,0,0,0,0,0,0,Muscle,tendon cell
252,0,0,0,0,0,0,0,0,0,1.0,0,0,1.0,0,0,0,0,0,0,0,0,0,0,0,0,1,0,0,0,0,0,0,0,0,1,,0,0,0,0,0,0,0,0,0,0,0,0,0,Pancreas,b cell
253,0,1,1,1,1,1,1,1,1,0.0,1,1,0.0,0,1,1,1,1,1,1,1,1,1,1,1,1,1,1,1,1,1,1,1,1,1,,1,1,1,1,1,1,1,1,0,1,1,1,1,Pancreas,endothelial cell
254,0,0,0,1,0,0,0,1,0,0.0,0,0,0.0,0,0,0,0,0,0,0,0,0,0,0,0,0,0,0,0,0,0,0,0,0,0,,0,0,0,0,0,0,0,1,0,0,0,0,0,Pancreas,fibroblast
255,0,0,0,0,0,0,0,0,0,1.0,0,0,1.0,0,0,0,0,0,0,0,0,0,0,0,0,0,0,0,0,0,0,0,0,0,0,,0,0,0,0,0,0,0,0,0,0,0,0,0,Pancreas,mast cell
256,1,0,1,0,1,1,0,1,1,0.0,1,1,0.0,0,0,0,1,0,0,1,1,1,1,1,1,0,0,1,1,1,0,1,0,1,1,,1,0,0,1,0,0,1,1,1,1,0,1,0,Pancreas,myeloid cell
257,0,0,0,0,0,0,0,0,0,0.0,0,1,0.0,0,0,0,0,0,0,0,0,0,0,0,0,0,0,0,0,0,0,0,0,0,0,,0,0,0,0,0,0,0,0,0,0,0,0,1,Pancreas,nk cell
258,1,0,0,0,0,0,0,0,0,0.0,0,0,0.0,0,0,0,0,0,0,0,0,0,0,0,0,0,1,0,0,0,0,0,0,0,0,,0,0,0,0,0,0,0,0,0,1,0,0,0,Pancreas,pancreatic acinar cell
259,0,0,0,0,0,0,0,0,0,0.0,0,0,0.0,0,0,0,0,0,0,0,0,0,0,0,0,0,0,0,0,0,0,0,0,0,0,,0,0,0,0,0,0,0,0,0,0,0,0,0,Pancreas,pancreatic alpha cell
260,0,0,0,0,0,0,0,0,0,0.0,0,1,0.0,0,0,0,0,0,0,0,0,0,0,0,0,0,0,0,0,0,0,0,0,0,0,,0,0,0,0,0,0,0,0,0,0,0,0,0,Pancreas,pancreatic beta cell
261,0,0,0,0,0,0,0,0,0,1.0,0,0,1.0,0,0,0,0,0,0,0,0,0,0,0,0,0,0,0,0,0,0,0,0,0,0,,0,0,0,0,0,0,0,0,0,0,0,0,0,Pancreas,pancreatic delta cell
262,1,0,1,1,1,1,0,1,1,0.0,1,1,0.0,1,1,1,1,1,1,1,1,1,1,0,0,0,1,0,1,1,0,1,1,0,0,,1,1,1,0,1,0,0,1,1,1,0,1,0,Pancreas,pancreatic ductal cell
263,0,0,0,0,0,0,0,0,0,0.0,0,0,1.0,0,0,0,0,0,0,0,0,0,0,0,0,0,0,0,0,0,0,0,0,0,0,,0,0,0,0,0,0,0,0,0,0,0,0,0,Pancreas,pancreatic pp cell
264,0,0,0,0,0,0,0,1,0,0.0,0,0,0.0,0,0,0,0,0,0,1,0,0,0,0,0,0,1,0,0,0,0,0,0,0,0,,1,0,0,0,0,1,0,0,0,0,0,0,1,Pancreas,pancreatic stellate cell
265,0,0,0,0,0,0,0,0,0,0.0,0,0,0.0,0,0,0,0,0,0,0,0,0,0,0,0,0,0,0,0,0,0,0,0,0,0,,0,0,0,0,0,0,0,0,0,0,0,0,0,Pancreas,plasma cell
266,0,0,0,0,0,0,0,0,0,1.0,0,1,1.0,0,0,0,0,0,0,0,0,0,0,0,1,0,0,0,0,0,0,0,0,0,1,,0,0,0,1,0,0,0,0,0,0,1,0,0,Pancreas,t cell
267,1,1,1,1,1,1,1,1,1,0.0,1,1,0.0,1,1,1,1,1,1,1,1,1,1,1,1,1,1,1,1,1,1,1,1,1,0,,1,1,0,1,1,1,1,1,1,1,1,1,1,Prostate,basal cell of prostate epithelium
268,0,0,0,0,0,0,0,0,0,0.0,0,0,0.0,0,0,0,0,0,0,0,0,0,0,0,0,0,0,0,0,0,0,0,0,0,0,,0,0,0,0,0,0,0,0,0,0,0,0,0,Prostate,"cd8-positive, alpha-beta t cell"
269,0,0,0,0,0,0,0,0,0,1.0,0,0,1.0,0,0,0,0,0,0,0,0,0,0,0,0,0,0,0,0,0,0,0,0,0,0,,0,0,0,0,0,0,0,0,0,0,0,0,0,Prostate,cd8b-positive nk t cell
270,1,0,1,1,1,1,1,1,1,0.0,1,1,1.0,1,1,1,1,1,1,1,1,1,1,1,0,1,1,0,1,1,1,1,1,1,0,,1,1,1,1,1,1,1,1,1,1,1,1,1,Prostate,club cell of prostate epithelium
271,0,0,1,1,0,0,0,0,1,0.0,0,0,0.0,0,0,0,1,0,0,1,0,0,0,0,0,0,0,0,1,1,0,0,0,1,0,,0,1,0,0,1,1,0,0,0,0,0,0,1,Prostate,endothelial cell
272,0,0,0,1,0,0,1,0,1,0.0,0,0,0.0,0,0,0,0,0,0,0,0,0,0,0,0,0,0,0,0,0,0,0,0,1,0,,0,1,0,0,0,1,0,0,0,0,0,0,0,Prostate,epithelial cell
273,0,0,0,0,0,0,0,0,0,0.0,0,0,0.0,0,0,0,0,0,0,0,0,0,0,0,0,0,0,0,0,0,0,0,0,0,0,,0,0,0,0,0,0,0,0,0,0,0,0,0,Prostate,erythroid progenitor
274,0,0,0,0,0,0,0,1,1,1.0,0,0,1.0,0,1,0,1,0,0,0,0,0,0,0,0,0,0,0,0,0,0,0,0,1,0,,0,0,0,0,0,1,0,0,0,0,0,0,1,Prostate,fibroblast
275,1,0,1,1,0,1,1,1,1,1.0,1,1,1.0,1,1,1,0,0,1,1,1,1,1,0,0,0,1,0,0,1,1,1,1,1,0,,1,1,0,1,1,0,1,1,1,1,0,1,0,Prostate,hillock cell of prostate epithelium
276,1,0,1,1,1,1,1,1,1,1.0,1,1,1.0,1,1,1,1,1,1,1,1,1,1,1,0,1,1,0,1,1,1,1,1,1,0,,1,1,0,1,1,1,0,1,1,1,0,1,1,Prostate,hillock-club cell of prostate epithelium
277,1,0,1,1,1,1,1,1,1,0.0,1,1,0.0,1,1,1,1,1,1,1,1,1,1,0,1,1,1,1,1,1,1,1,1,1,0,,1,1,1,1,1,1,1,1,1,1,1,1,1,Prostate,luminal cell of prostate epithelium
278,0,0,0,0,0,0,0,0,0,0.0,0,0,0.0,0,0,0,1,0,0,0,0,0,1,0,1,0,0,1,1,0,0,0,0,0,0,,0,0,0,0,0,0,1,0,0,0,0,1,0,Prostate,macrophage
279,0,0,0,0,0,0,0,0,0,0.0,0,0,0.0,0,0,0,0,0,0,0,0,0,0,0,0,0,0,0,0,0,0,0,0,0,0,,0,0,0,0,0,0,0,0,0,0,0,0,0,Prostate,mast cell
280,0,0,0,0,0,0,0,0,0,0.0,0,0,0.0,0,0,0,0,0,0,0,0,1,0,0,0,0,0,0,0,0,0,0,0,0,0,,0,0,0,0,0,0,0,0,0,0,0,0,0,Prostate,monocyte
281,0,0,0,0,0,0,0,0,0,0.0,1,0,0.0,0,0,0,1,0,0,1,0,0,1,1,1,0,1,1,1,1,0,1,1,0,1,,0,0,0,1,0,0,1,1,1,1,1,1,0,Prostate,myeloid cell
282,0,0,0,0,0,0,0,0,0,0.0,0,0,0.0,0,0,0,0,0,0,0,0,0,0,0,0,0,0,0,0,0,0,0,0,0,0,,0,0,0,0,0,0,0,0,0,0,0,0,0,Prostate,neutrophil
283,0,0,0,0,0,0,0,0,0,0.0,0,0,1.0,0,0,0,0,0,0,0,0,0,0,0,0,0,0,0,0,0,0,0,0,0,0,,0,0,0,0,0,0,0,0,0,0,0,0,0,Prostate,nkt cell
284,0,1,1,1,0,1,1,0,1,0.0,1,1,0.0,0,0,1,1,0,0,1,0,0,0,0,0,1,1,1,1,0,0,1,0,1,0,,1,0,0,0,0,1,0,0,1,0,0,1,1,Prostate,smooth muscle cell
285,0,0,0,0,0,0,0,0,0,0.0,0,0,0.0,0,0,0,0,0,0,0,0,0,0,0,0,0,0,0,0,0,0,0,0,0,0,,0,0,0,0,0,0,0,0,0,0,0,0,0,Prostate,sperm
286,0,0,0,0,0,0,0,0,0,0.0,0,0,0.0,0,0,0,0,0,0,0,0,0,0,0,0,0,0,0,0,0,0,0,0,0,0,,0,0,0,0,0,0,0,0,0,0,0,0,0,Prostate,stromal cell
287,0,0,0,0,0,0,0,0,0,0.0,0,0,0.0,0,0,0,0,0,0,0,0,0,0,0,0,0,0,0,0,0,0,0,0,0,1,,0,0,0,0,0,0,0,0,0,0,0,0,0,Prostate,t cell
288,1,0,0,0,0,0,0,0,0,0.0,0,0,1.0,0,0,0,0,0,0,0,0,0,0,0,0,0,0,0,0,0,0,0,0,0,0,,0,0,0,0,0,0,0,0,0,1,0,1,0,Salivary_Gland,acinar cell of salivary gland
289,0,0,0,0,0,1,0,1,0,0.0,0,0,0.0,0,0,0,0,0,0,0,1,0,0,0,0,0,1,0,0,0,0,0,0,0,0,,0,0,0,0,0,0,0,0,0,0,0,0,1,Salivary_Gland,adventitial cell
290,0,0,0,0,0,0,0,0,0,1.0,0,0,1.0,0,0,0,0,0,0,0,0,0,0,1,0,1,0,0,1,0,0,0,0,0,0,,0,0,0,0,0,0,0,0,1,1,0,1,0,Salivary_Gland,b cell
291,1,0,1,0,1,1,1,1,0,0.0,0,1,0.0,1,1,1,1,1,1,1,1,1,1,1,0,1,1,0,1,1,1,1,1,1,0,,1,1,1,1,1,1,1,1,1,1,0,1,0,Salivary_Gland,basal cell
292,0,1,0,0,0,0,1,0,0,0.0,0,1,0.0,1,0,1,0,0,1,0,0,0,0,0,1,0,0,0,0,0,0,0,0,0,0,,0,0,0,0,0,0,0,0,0,0,1,0,0,Salivary_Gland,cd4-positive helper t cell
293,0,0,0,0,0,0,0,0,0,0.0,0,0,0.0,0,0,0,0,0,0,0,0,0,0,0,0,0,0,0,0,0,0,0,0,0,0,,0,0,0,0,0,0,0,0,0,0,0,0,0,Salivary_Gland,"cd4-positive, alpha-beta t cell"
294,0,0,0,0,0,0,0,0,0,1.0,0,0,1.0,0,0,0,0,0,0,0,0,0,0,0,0,0,0,0,0,0,0,0,0,0,0,,0,0,0,0,0,0,0,0,0,0,1,0,0,Salivary_Gland,"cd8-positive, alpha-beta t cell"
295,1,0,1,1,1,1,0,0,1,0.0,0,0,1.0,0,1,0,1,0,1,1,1,1,0,0,0,0,1,0,0,1,0,1,1,1,0,,0,1,0,0,1,0,0,1,0,1,0,1,1,Salivary_Gland,duct epithelial cell
296,0,0,1,0,1,0,0,1,1,0.0,1,0,1.0,0,0,1,1,1,0,1,0,0,1,0,0,0,1,0,1,1,0,0,0,1,0,,1,1,0,0,0,1,1,1,0,0,0,0,1,Salivary_Gland,endothelial cell
297,0,0,1,0,1,0,0,1,0,0.0,1,0,1.0,0,0,0,0,0,0,1,0,0,0,0,0,0,0,0,0,1,0,0,0,1,0,,0,1,0,0,0,0,1,0,0,0,0,0,0,Salivary_Gland,endothelial cell of lymphatic vessel
298,0,0,0,1,0,1,0,1,0,0.0,0,0,0.0,0,1,0,0,0,0,0,1,0,0,0,0,0,1,0,0,0,0,0,0,0,0,,1,0,0,0,0,0,1,0,0,0,0,0,1,Salivary_Gland,fibroblast
299,0,1,0,1,0,1,1,0,0,1.0,0,1,1.0,0,0,0,0,0,0,0,0,0,0,0,0,0,0,0,0,1,0,1,1,1,0,,0,0,0,0,1,0,1,0,0,0,0,0,0,Salivary_Gland,ionocyte
300,1,0,1,1,1,1,1,1,1,0.0,1,1,0.0,0,1,0,1,0,0,1,1,1,1,1,1,0,1,1,1,1,0,1,1,1,1,,1,0,1,1,0,0,1,1,0,0,1,1,0,Salivary_Gland,macrophage
301,0,0,0,1,0,0,0,0,0,0.0,0,0,0.0,0,0,0,0,1,1,0,0,1,0,1,1,1,0,0,0,0,0,0,0,0,1,,0,0,0,0,0,0,0,0,1,0,1,0,0,Salivary_Gland,memory b cell
302,0,0,0,1,0,0,0,0,0,0.0,0,0,0.0,0,0,0,1,0,0,0,0,0,1,0,0,0,0,0,1,0,0,0,0,1,0,,0,0,0,1,0,0,1,0,0,0,1,0,0,Salivary_Gland,monocyte
303,0,0,0,0,0,0,0,0,0,0.0,0,0,0.0,0,0,0,0,0,0,0,0,0,0,0,0,0,0,0,0,0,0,0,0,0,0,,0,0,0,0,0,0,0,0,0,0,0,0,0,Salivary_Gland,myoepithelial cell
304,0,1,0,0,0,0,0,0,0,0.0,0,0,0.0,0,0,0,0,1,0,0,0,0,0,0,1,0,0,0,0,0,0,0,0,0,1,,0,0,0,0,0,0,0,0,0,0,1,0,0,Salivary_Gland,naive b cell
305,0,0,0,0,0,0,0,0,0,0.0,0,0,0.0,0,0,0,0,0,0,0,0,0,0,0,0,0,0,0,0,0,0,0,0,0,0,,0,0,0,0,0,0,0,0,0,0,0,0,0,Salivary_Gland,neutrophil
306,0,1,0,0,0,0,1,0,0,0.0,1,1,0.0,0,0,1,0,0,0,1,0,0,0,0,1,0,0,0,0,1,0,0,1,0,1,,0,0,1,0,0,0,0,0,0,0,1,0,0,Salivary_Gland,nk cell
307,0,0,0,0,0,0,1,0,0,0.0,0,0,0.0,0,0,0,0,0,0,0,0,0,0,0,0,0,0,0,0,0,0,0,0,0,0,,0,0,0,0,0,0,0,0,0,0,0,0,0,Salivary_Gland,pericyte cell
308,1,0,0,1,1,1,0,0,1,1.0,0,0,1.0,0,0,0,0,0,0,0,0,0,0,0,1,0,1,0,0,1,0,1,0,1,1,,0,1,0,0,0,1,0,0,0,0,0,1,0,Salivary_Gland,plasma cell
309,1,0,0,0,0,1,0,1,0,0.0,0,0,0.0,0,0,0,0,0,1,0,1,1,0,1,0,0,0,0,0,0,0,0,0,0,0,,0,0,1,1,1,0,0,0,1,1,0,1,0,Salivary_Gland,salivary gland cell
310,0,0,0,0,0,0,0,0,0,0.0,0,0,0.0,0,0,0,0,0,0,0,0,0,0,0,0,0,0,0,0,0,0,0,0,0,0,,0,0,0,0,0,0,0,0,0,0,0,0,0,Salivary_Gland,t cell
311,0,0,0,0,0,0,0,0,0,0.0,0,0,0.0,0,0,0,0,0,0,0,0,0,0,0,0,0,0,0,0,0,0,0,0,0,0,,0,0,0,0,0,0,0,0,0,0,0,0,0,Skin,cd141-positive myeloid dendritic cell
312,0,0,0,0,0,0,0,0,0,0.0,0,0,0.0,0,0,0,0,0,0,0,0,0,0,0,0,0,0,1,0,0,0,0,0,0,0,,0,0,0,0,0,0,0,0,0,0,0,0,0,Skin,cd1c-positive myeloid dendritic cell
313,0,0,0,0,0,0,0,0,0,0.0,0,0,0.0,0,0,0,0,0,0,0,0,0,0,0,0,0,0,0,0,0,0,0,0,0,0,,0,0,0,0,0,0,0,0,0,0,0,0,0,Skin,cd4-positive helper t cell
314,0,0,0,0,0,0,0,0,0,0.0,0,0,0.0,0,0,0,0,0,0,0,0,0,0,0,0,0,0,0,0,0,0,0,0,0,0,,0,0,0,0,0,0,0,0,0,0,0,0,0,Skin,"cd4-positive, alpha-beta memory t cell"
315,0,0,0,0,0,0,0,0,0,0.0,0,0,0.0,0,0,0,0,0,0,0,0,0,0,0,0,0,0,0,0,0,0,0,0,0,0,,0,0,0,0,0,0,0,0,0,0,0,0,0,Skin,"cd8-positive, alpha-beta cytotoxic t cell"
316,0,0,0,0,0,0,0,0,0,0.0,0,0,0.0,0,0,0,0,0,0,0,0,0,0,0,0,0,0,0,0,0,0,0,0,0,0,,0,0,0,0,0,0,0,0,0,0,0,0,0,Skin,"cd8-positive, alpha-beta memory t cell"
317,0,0,0,0,0,0,0,0,0,0.0,0,0,0.0,0,0,0,0,0,0,0,0,0,0,0,0,0,0,0,0,0,0,0,0,0,0,,0,0,0,0,0,0,0,0,0,0,0,0,0,Skin,cell of skeletal muscle
318,0,0,0,0,0,0,0,0,0,0.0,0,0,0.0,0,0,0,0,0,0,0,0,0,0,0,0,0,0,0,0,0,0,0,0,0,0,,0,0,0,0,0,0,0,0,0,0,0,0,0,Skin,endothelial cell
319,0,0,0,0,0,0,0,0,0,0.0,0,0,0.0,0,0,0,0,0,0,0,0,0,0,0,0,0,0,0,0,0,0,0,0,0,0,,0,0,0,0,0,0,0,0,0,0,0,0,0,Skin,epithelial cell
320,0,0,0,0,0,0,0,0,0,0.0,0,0,0.0,0,0,0,0,0,0,0,0,0,0,0,0,0,0,0,0,0,0,0,0,0,0,,0,0,0,0,0,0,0,0,0,0,0,0,0,Skin,langerhans cell
321,0,0,0,0,0,0,0,0,0,0.0,0,0,0.0,0,0,0,0,0,0,0,0,0,0,0,0,0,0,1,0,0,0,0,0,0,0,,0,0,0,0,0,0,0,0,0,0,0,0,0,Skin,macrophage
322,0,0,0,0,0,0,0,0,0,0.0,0,0,0.0,0,0,0,0,0,0,0,0,0,0,0,0,0,0,0,0,0,0,0,0,0,0,,0,0,0,0,0,0,0,0,0,0,0,0,0,Skin,mast cell
323,0,0,0,0,0,0,0,0,0,0.0,0,0,0.0,0,0,0,0,0,0,0,0,0,0,0,0,0,0,0,0,0,0,0,0,0,0,,0,0,0,0,0,0,0,0,0,0,0,0,0,Skin,melanocyte
324,0,0,0,0,0,0,0,0,0,0.0,0,0,0.0,0,0,0,0,0,0,0,0,0,0,0,0,0,0,0,0,0,0,0,0,0,0,,0,0,0,0,0,0,0,0,0,0,0,0,0,Skin,memory b cell
325,0,0,0,0,0,0,0,0,0,0.0,0,0,0.0,0,0,0,0,0,0,0,0,0,0,0,0,0,0,0,0,0,0,0,0,0,0,,0,0,0,0,0,0,0,0,0,0,0,0,0,Skin,muscle cell
326,0,0,0,0,0,0,0,0,0,0.0,0,0,0.0,0,0,0,0,0,0,0,0,0,0,0,0,0,0,0,0,0,0,0,0,0,0,,0,0,0,0,0,0,0,0,0,0,0,0,0,Skin,naive b cell
327,0,0,0,0,0,0,0,0,0,0.0,0,0,0.0,0,0,0,0,0,0,0,0,0,0,0,0,0,0,0,0,0,0,0,0,0,0,,0,0,0,0,0,0,0,0,0,0,0,0,0,Skin,"naive thymus-derived cd4-positive, alpha-beta t cell"
328,0,0,0,0,0,0,0,0,0,0.0,0,0,0.0,0,0,0,0,0,0,0,0,0,0,0,0,0,0,0,0,0,0,0,0,0,0,,0,0,0,0,0,0,0,0,0,0,0,0,0,Skin,"naive thymus-derived cd8-positive, alpha-beta t cell"
329,0,0,0,0,0,0,0,0,0,0.0,0,0,0.0,0,0,0,0,0,0,0,0,0,0,0,0,0,0,0,0,0,0,0,0,0,0,,0,0,0,0,0,0,0,0,0,0,0,0,0,Skin,nk cell
330,0,0,0,0,0,0,0,0,0,0.0,0,0,0.0,0,0,0,0,0,0,0,0,0,0,0,0,0,0,0,0,0,0,0,0,0,0,,0,0,0,0,0,0,0,0,0,0,0,0,0,Skin,nkt cell
331,0,0,0,0,0,0,0,0,0,0.0,0,0,0.0,0,0,0,0,0,0,0,0,0,0,0,0,0,0,0,0,0,0,0,0,0,0,,0,0,0,0,0,0,0,0,0,0,0,0,0,Skin,plasma cell
332,0,0,0,0,0,0,0,0,0,0.0,0,0,0.0,0,0,0,0,0,0,0,0,0,0,0,0,0,0,0,0,0,0,0,0,0,0,,0,0,0,0,0,0,0,0,0,0,0,0,0,Skin,regulatory t cell
333,0,0,0,0,0,0,0,0,0,0.0,0,0,0.0,0,0,0,0,0,0,0,0,0,0,0,0,0,0,0,0,0,0,0,0,0,0,,0,0,0,0,0,0,0,0,0,0,0,0,0,Skin,smooth muscle cell
334,0,0,0,0,0,0,0,0,0,0.0,0,0,0.0,0,0,0,0,0,0,0,0,0,0,0,0,0,0,0,0,0,0,0,0,0,0,,0,0,0,0,0,0,0,0,0,0,0,0,0,Skin,stromal cell
335,0,0,0,0,0,0,0,0,0,0.0,0,0,0.0,0,0,0,0,0,0,0,0,0,0,0,0,0,0,0,0,0,0,0,0,0,0,,0,0,0,0,0,0,0,0,0,0,0,0,0,Skin,t cell
336,0,0,0,0,0,0,0,0,0,0.0,0,0,0.0,0,0,0,0,0,0,0,0,0,0,0,0,0,0,0,0,0,0,0,0,0,0,,0,0,0,0,0,0,0,0,0,0,0,0,0,Small_Intestine,b cell
337,0,0,0,0,0,0,0,0,0,0.0,0,0,0.0,0,0,0,0,0,0,0,0,0,0,0,0,0,0,0,0,0,0,0,0,0,0,,0,0,0,0,0,0,0,0,0,0,0,0,0,Small_Intestine,"cd4-positive, alpha-beta t cell"
338,0,0,0,0,0,0,0,0,0,0.0,0,0,0.0,0,0,0,0,0,0,0,0,0,0,0,0,0,0,0,0,0,0,0,0,0,0,,0,0,0,0,0,0,0,0,0,0,0,0,0,Small_Intestine,"cd8-positive, alpha-beta t cell"
339,0,0,0,0,0,0,0,0,0,0.0,0,0,0.0,0,0,0,0,0,0,0,0,0,0,0,0,0,0,0,0,0,0,0,0,0,0,,0,0,0,0,0,0,0,0,0,0,0,0,0,Small_Intestine,duodenum glandular cell
340,0,0,1,1,0,1,0,1,1,0.0,0,1,0.0,0,1,0,0,0,1,1,0,1,0,0,0,0,0,1,0,1,1,1,0,1,0,,0,0,0,0,1,1,1,0,0,1,0,1,0,Small_Intestine,enterocyte of epithelium of small intestine
341,0,0,0,0,0,0,0,0,0,0.0,0,0,0.0,0,0,0,0,0,0,0,0,0,0,0,0,0,0,0,0,0,0,0,0,0,0,,0,0,0,0,0,0,0,0,0,0,0,0,0,Small_Intestine,fibroblast
342,0,0,0,0,0,0,0,0,0,0.0,0,0,0.0,0,0,0,0,0,0,0,0,0,0,0,0,0,0,0,0,0,0,0,0,0,0,,0,0,0,0,0,0,0,0,0,0,0,0,0,Small_Intestine,goblet cell
343,0,0,0,0,0,0,0,0,0,1.0,0,0,1.0,0,0,0,0,0,0,0,0,0,0,0,0,0,0,0,0,0,0,0,0,0,0,,0,0,0,0,0,0,0,0,0,0,0,0,0,Small_Intestine,gut endothelial cell
344,1,0,0,0,0,0,0,0,0,0.0,0,1,0.0,0,0,0,0,0,0,0,0,1,0,0,0,0,0,0,0,0,0,0,0,0,0,,0,0,0,0,1,0,0,0,0,1,0,1,0,Small_Intestine,immature enterocyte
345,0,0,0,0,0,0,0,1,0,0.0,0,0,1.0,0,0,0,0,0,0,0,0,0,0,0,0,0,0,0,0,0,0,0,0,0,0,,0,0,0,0,0,0,0,0,0,0,0,0,0,Small_Intestine,intestinal crypt stem cell
346,1,0,1,0,1,0,0,0,0,0.0,0,1,0.0,0,1,0,0,0,1,0,0,1,0,0,1,0,0,0,1,0,0,1,0,1,0,,0,0,0,0,1,0,1,0,1,0,0,1,0,Small_Intestine,intestinal crypt stem cell of small intestine
347,0,0,0,0,0,0,0,0,0,0.0,0,1,0.0,0,0,0,0,0,0,0,0,0,0,0,0,0,0,0,0,0,0,0,0,0,0,,0,0,0,0,0,0,0,0,0,0,0,0,0,Small_Intestine,intestinal enteroendocrine cell
348,0,0,0,0,0,0,0,0,0,0.0,0,1,0.0,0,0,0,0,0,0,0,0,1,0,0,0,0,0,0,0,0,0,0,0,0,0,,0,0,0,0,0,0,1,0,0,0,0,0,0,Small_Intestine,intestinal tuft cell
349,0,0,0,0,0,0,0,0,0,0.0,0,0,0.0,0,0,0,0,0,0,0,0,0,0,0,0,0,0,0,0,0,0,0,0,0,0,,0,0,0,0,0,0,0,0,0,0,0,0,0,Small_Intestine,mast cell
350,0,0,0,1,0,1,0,0,1,0.0,0,1,0.0,0,0,0,0,0,0,0,0,1,0,0,0,0,0,0,1,0,1,0,0,1,0,,0,0,0,0,1,0,1,0,0,0,0,0,0,Small_Intestine,mature enterocyte
351,0,0,0,0,0,0,0,0,0,0.0,0,0,0.0,0,0,0,0,0,0,0,0,0,0,0,0,0,0,0,0,0,0,0,0,0,0,,0,0,0,0,0,0,0,0,0,0,0,0,0,Small_Intestine,monocyte
352,0,0,0,0,0,0,0,0,0,1.0,0,0,0.0,0,0,0,0,0,0,0,0,0,0,0,0,0,0,0,0,0,0,0,0,0,0,,0,0,0,0,0,0,0,0,0,0,0,0,0,Small_Intestine,neutrophil
353,0,0,0,1,0,1,0,1,0,0.0,0,1,0.0,0,1,0,0,0,1,1,1,1,0,0,1,0,0,1,0,0,1,1,0,1,0,,1,0,0,0,1,0,1,1,0,1,1,1,0,Small_Intestine,paneth cell of epithelium of small intestine
354,0,0,0,0,0,0,0,0,0,0.0,0,0,0.0,0,0,0,0,0,0,0,0,0,0,0,0,0,0,0,0,0,0,0,0,0,0,,0,0,0,0,0,0,0,0,0,0,0,0,0,Small_Intestine,plasma cell
355,0,0,0,1,0,1,0,0,0,0.0,1,0,1.0,0,1,0,0,0,1,0,0,0,0,0,0,0,0,1,0,0,1,1,0,1,0,,0,0,0,0,0,0,1,0,0,1,0,0,0,Small_Intestine,small intestine goblet cell
356,1,0,0,0,0,0,0,0,0,0.0,0,1,0.0,0,0,0,0,0,0,0,0,1,0,0,0,0,0,0,0,0,0,1,0,1,0,,0,0,0,0,0,0,1,0,0,0,0,1,0,Small_Intestine,transit amplifying cell of small intestine
357,0,0,0,0,0,0,0,0,0,0.0,0,0,0.0,0,0,0,0,0,0,0,0,0,0,0,0,0,0,0,0,0,0,0,0,0,0,,0,0,0,0,0,0,0,1,0,0,0,0,0,Spleen,cd141-positive myeloid dendritic cell
358,0,0,0,0,0,0,0,0,0,0.0,0,0,0.0,0,0,0,0,0,0,0,0,0,0,0,0,0,0,0,0,0,0,0,0,0,0,,0,0,0,0,0,0,0,0,0,0,0,0,0,Spleen,cd1c-positive myeloid dendritic cell
359,0,0,0,0,0,0,0,0,0,0.0,0,0,0.0,0,0,0,0,0,0,0,0,0,0,0,0,0,0,0,0,0,0,0,0,0,0,,0,0,0,0,0,0,0,0,0,0,0,0,0,Spleen,"cd4-positive, alpha-beta memory t cell"
360,0,1,0,0,0,0,0,0,0,0.0,0,0,0.0,0,0,1,0,0,1,0,0,0,0,1,0,1,0,0,0,0,0,0,0,0,1,,0,0,1,1,0,0,0,0,0,0,1,0,0,Spleen,"cd8-positive, alpha-beta memory t cell"
361,0,0,0,0,0,0,0,0,0,1.0,0,0,0.0,0,0,0,0,0,0,0,0,0,0,0,0,0,0,0,0,0,1,0,0,0,0,,0,0,0,0,0,0,0,1,1,0,0,0,0,Spleen,"cd8-positive, alpha-beta t cell"
362,1,0,0,0,0,0,0,1,0,1.0,0,0,1.0,0,0,0,1,0,0,0,0,0,1,0,0,0,0,1,0,0,0,0,0,0,1,,1,0,0,0,0,0,0,0,1,0,0,0,0,Spleen,classical monocyte
363,1,1,1,1,1,1,0,1,1,0.0,1,1,0.0,1,1,1,1,1,0,1,1,1,1,1,1,1,1,1,1,1,1,1,1,1,1,,1,1,1,0,1,1,1,1,1,1,0,1,1,Spleen,endothelial cell
364,0,0,0,0,0,0,0,0,0,0.0,0,0,0.0,0,0,0,0,0,0,0,0,0,0,0,0,0,0,0,0,0,0,0,0,0,0,,0,0,0,0,0,0,0,0,0,0,0,0,0,Spleen,erythrocyte
365,0,0,0,0,0,0,0,0,0,0.0,0,0,0.0,0,0,0,0,0,0,0,0,0,0,0,0,0,0,0,0,0,0,0,0,0,0,,0,0,0,0,0,0,0,0,0,0,0,0,0,Spleen,hematopoietic stem cell
366,0,0,0,0,0,0,0,0,0,0.0,0,0,0.0,0,0,0,0,0,0,0,0,0,0,0,0,0,0,0,0,0,0,0,0,0,0,,0,0,0,0,0,0,0,0,0,0,0,0,0,Spleen,innate lymphoid cell
367,0,0,0,0,0,0,0,0,0,1.0,0,0,0.0,0,0,0,0,0,0,0,0,0,0,0,0,0,0,0,0,0,1,0,0,0,0,,0,0,0,0,0,0,0,0,0,0,0,0,0,Spleen,intermediate monocyte
368,1,0,0,0,1,0,1,1,0,0.0,0,0,0.0,0,1,0,1,0,0,0,0,0,1,1,1,0,1,0,1,0,0,1,1,0,1,,1,0,1,1,0,0,1,1,1,1,1,1,0,Spleen,macrophage
369,0,0,0,0,0,0,0,0,0,0.0,0,0,0.0,0,0,1,0,0,0,1,0,0,0,1,0,0,0,0,0,1,0,0,0,0,1,,0,0,1,1,0,0,0,0,0,0,1,0,0,Spleen,mature nk t cell
370,0,0,0,0,0,0,0,0,0,0.0,0,0,0.0,0,0,0,0,0,1,0,0,0,0,1,1,0,0,0,0,0,0,0,0,0,1,,0,0,0,0,0,0,0,0,0,0,0,0,0,Spleen,memory b cell
371,0,0,0,0,0,0,0,0,0,0.0,0,0,0.0,0,0,0,0,0,0,0,0,0,0,0,0,0,0,0,0,0,0,0,0,0,0,,0,0,0,0,0,0,0,0,0,0,1,0,0,Spleen,naive b cell
372,0,1,0,0,0,0,0,0,0,0.0,0,0,0.0,0,0,0,0,0,0,0,0,0,0,0,0,0,0,0,0,0,0,0,0,0,0,,0,0,0,0,0,0,0,0,0,0,0,0,0,Spleen,"naive thymus-derived cd4-positive, alpha-beta t cell"
373,0,0,0,0,0,0,0,0,0,1.0,0,0,0.0,0,0,0,0,0,0,0,0,0,0,0,0,0,0,0,0,0,0,0,0,0,0,,0,0,0,0,0,0,0,0,0,0,0,0,0,Spleen,"naive thymus-derived cd8-positive, alpha-beta t cell"
374,0,0,1,0,0,0,0,0,0,1.0,0,0,0.0,0,0,0,0,0,1,0,0,0,0,0,0,0,0,1,1,0,1,1,1,0,0,,1,0,0,0,0,0,1,0,0,0,1,0,0,Spleen,neutrophil
375,1,1,1,1,1,0,1,0,1,1.0,1,1,1.0,1,0,1,1,1,1,1,1,1,1,1,1,1,0,1,1,1,1,1,1,1,1,,0,1,1,1,0,1,1,1,1,1,1,0,1,Spleen,nk cell
376,1,1,1,1,1,1,0,1,1,0.0,1,1,0.0,1,1,1,1,1,1,1,1,1,1,1,1,1,1,1,1,1,1,1,1,1,1,,1,1,1,1,0,1,0,1,1,1,0,1,1,Spleen,plasma cell
377,0,0,0,0,0,0,0,0,0,0.0,0,0,0.0,0,0,0,0,0,0,0,0,0,0,0,0,0,0,0,0,0,0,0,0,0,0,,0,0,0,0,0,0,0,0,0,0,0,0,0,Spleen,plasmacytoid dendritic cell
378,0,0,0,0,0,0,0,0,0,0.0,0,0,0.0,0,0,0,0,0,0,0,0,0,1,0,0,0,0,0,0,0,0,1,0,0,0,,0,0,0,0,0,0,0,0,0,0,0,0,0,Spleen,platelet
379,0,0,0,0,0,0,0,0,0,0.0,0,0,0.0,0,0,0,0,0,1,0,0,0,1,0,0,1,0,0,0,0,0,0,0,0,1,,0,0,0,0,0,0,0,0,1,0,0,0,0,Spleen,regulatory t cell
380,0,1,0,0,0,0,1,0,0,0.0,1,1,0.0,0,0,1,0,0,1,1,0,0,1,1,1,1,0,0,0,1,1,0,1,0,1,,0,1,1,1,0,0,0,1,1,0,1,0,0,Spleen,type i nk t cell
381,0,0,0,0,0,0,0,0,0,0.0,0,0,1.0,0,0,0,0,0,0,0,0,0,0,0,0,0,0,0,0,0,0,0,0,0,1,,0,0,0,0,0,0,0,0,0,0,0,0,0,Thymus,b cell
382,0,1,1,0,0,0,0,1,1,0.0,1,0,0.0,0,0,1,1,0,0,1,0,0,1,1,0,0,1,0,1,1,1,0,0,1,1,,1,1,0,0,1,1,1,0,0,1,0,0,1,Thymus,capillary endothelial cell
383,0,1,0,0,0,0,1,0,0,0.0,0,0,0.0,0,0,0,0,0,1,0,0,0,0,0,0,1,0,0,0,0,0,0,0,0,1,,0,0,0,0,0,0,0,0,0,0,0,0,0,Thymus,cd4-positive helper t cell
384,0,0,0,0,0,0,0,0,0,0.0,0,0,0.0,0,0,0,0,0,0,0,0,0,0,0,0,1,0,0,0,0,0,0,0,0,0,,0,0,0,0,0,0,0,0,0,0,0,0,0,Thymus,"cd8-positive, alpha-beta cytotoxic t cell"
385,0,0,0,0,0,0,0,0,0,0.0,0,0,0.0,0,0,0,0,0,0,0,0,0,0,0,0,0,0,0,0,0,0,0,0,0,0,,0,0,0,0,0,0,0,0,0,0,0,0,0,Thymus,"cd8-positive, alpha-beta t cell"
386,0,0,0,0,0,0,0,0,0,0.0,0,0,0.0,0,0,0,0,0,0,0,0,0,0,0,0,0,0,0,0,0,0,0,0,0,0,,0,0,0,0,0,0,0,0,0,0,0,0,0,Thymus,dendritic cell
387,0,0,0,0,0,0,0,0,0,0.0,0,0,0.0,0,0,0,0,0,0,0,0,0,0,0,0,0,0,0,0,0,0,0,0,0,0,,0,0,0,1,0,0,0,0,0,0,0,0,0,Thymus,dn1 thymic pro-t cell
388,0,1,0,0,0,0,0,0,0,0.0,0,0,0.0,0,0,0,0,0,0,0,0,0,0,0,0,0,0,0,0,0,0,0,0,0,0,,0,0,0,0,0,0,0,0,0,0,0,0,0,Thymus,dn3 thymocyte
389,0,0,0,0,0,0,0,0,0,1.0,0,0,1.0,0,0,0,0,0,0,0,0,0,0,0,0,0,0,0,0,0,0,0,0,0,0,,0,0,0,0,0,0,0,0,1,0,0,1,0,Thymus,dn4 thymocyte
390,1,0,1,1,1,1,0,1,1,0.0,1,1,1.0,0,0,1,1,1,0,1,0,0,1,1,0,0,1,1,1,1,1,1,1,1,0,,1,1,0,0,1,1,1,1,0,1,0,0,1,Thymus,endothelial cell of artery
391,1,0,1,0,1,0,0,0,0,0.0,1,0,0.0,0,0,0,1,0,0,0,0,0,0,0,0,0,1,0,0,1,0,1,0,1,0,,0,1,0,0,0,1,0,0,0,1,0,1,1,Thymus,endothelial cell of lymphatic vessel
392,0,0,0,0,0,0,0,0,0,0.0,0,0,0.0,0,0,0,0,0,0,0,0,0,0,0,0,0,0,0,0,0,0,0,0,0,0,,0,0,0,0,0,0,0,0,0,0,0,0,0,Thymus,erythrocyte
393,0,0,0,0,0,0,0,0,0,0.0,0,0,1.0,0,0,0,0,0,0,0,0,0,0,0,0,0,0,0,0,0,0,0,0,0,0,,0,0,0,0,0,0,0,0,0,0,0,0,0,Thymus,fast muscle cell
394,0,0,0,0,0,1,0,1,0,0.0,0,0,0.0,0,1,0,0,0,0,0,0,0,0,0,0,0,1,0,0,0,0,0,0,0,0,,1,0,1,0,0,1,0,0,0,0,0,0,1,Thymus,fibroblast
395,0,0,0,0,0,0,0,0,0,0.0,0,0,0.0,0,0,0,0,0,0,0,0,0,0,0,0,0,0,0,0,0,0,0,0,0,0,,0,0,0,0,0,0,0,0,0,0,0,0,0,Thymus,immature natural killer cell
396,0,1,0,0,0,0,0,0,0,1.0,0,0,1.0,0,0,0,0,0,0,0,0,0,0,0,1,0,0,0,0,0,0,0,0,0,1,,0,0,0,0,0,0,0,0,0,0,0,0,0,Thymus,innate lymphoid cell
397,1,0,0,0,1,1,1,1,0,0.0,1,1,0.0,0,1,0,1,0,0,0,1,0,1,1,1,0,1,1,1,1,1,1,1,1,0,,1,1,0,1,1,0,1,1,1,1,0,1,0,Thymus,macrophage
398,0,0,0,0,0,0,0,0,0,0.0,0,0,0.0,0,0,0,0,0,0,0,0,0,0,0,0,0,0,0,0,0,0,0,0,0,0,,0,0,0,0,0,0,0,0,0,0,0,0,0,Thymus,mast cell
399,0,0,0,0,0,0,0,0,0,0.0,0,0,0.0,0,0,0,0,0,0,0,0,0,0,0,0,0,0,0,0,0,0,0,0,0,0,,0,0,0,0,0,0,0,0,0,0,0,0,0,Thymus,mature nk t cell
400,1,0,0,0,1,1,0,1,0,0.0,0,0,0.0,0,0,0,0,0,0,0,1,0,0,0,0,0,1,0,1,0,0,0,0,0,0,,1,0,0,0,0,0,0,0,1,1,0,1,0,Thymus,medullary thymic epithelial cell
401,0,0,0,0,0,0,0,0,0,0.0,0,0,0.0,0,0,0,0,0,0,0,0,0,0,0,1,0,0,0,0,0,0,0,0,0,1,,0,0,0,0,0,0,0,0,0,0,0,0,0,Thymus,memory b cell
402,0,0,0,0,0,0,0,0,0,1.0,0,0,0.0,0,0,0,0,0,0,0,0,0,0,0,0,0,0,0,0,0,0,0,0,0,0,,0,0,0,0,0,0,0,0,0,0,0,0,0,Thymus,mesothelial cell
403,0,0,0,0,0,0,0,0,0,0.0,0,0,0.0,0,0,0,1,0,0,0,0,0,0,0,0,0,0,1,1,0,0,0,0,0,0,,1,0,0,0,0,0,1,0,0,0,0,0,0,Thymus,monocyte
404,0,0,0,0,0,0,0,0,0,0.0,0,0,0.0,0,0,0,0,0,0,0,0,0,0,0,0,0,0,0,0,0,0,0,0,0,0,,0,0,0,0,0,0,0,0,0,0,0,0,0,Thymus,myeloid dendritic cell
405,0,1,0,0,0,0,0,0,0,0.0,0,0,0.0,0,0,0,0,0,0,0,0,0,0,0,0,0,0,0,0,0,0,0,0,0,1,,0,0,0,0,0,0,0,0,0,0,1,0,0,Thymus,naive b cell
406,0,0,0,0,0,0,0,0,0,0.0,0,0,0.0,0,0,0,0,0,1,0,0,0,0,0,1,1,0,0,0,0,0,0,0,0,1,,0,0,0,0,0,0,0,0,0,0,0,0,0,Thymus,naive regulatory t cell
407,0,1,0,0,0,0,1,0,0,1.0,1,1,1.0,0,0,1,0,1,0,1,0,0,1,0,0,1,0,1,0,1,1,0,0,0,1,,0,0,1,1,0,0,1,1,0,1,0,0,0,Thymus,nk cell
408,1,0,0,1,1,0,1,0,1,0.0,1,1,0.0,0,0,1,1,1,1,1,0,1,1,1,1,0,0,1,1,1,0,1,0,1,1,,0,1,1,1,0,1,0,1,1,1,0,1,1,Thymus,plasma cell
409,0,0,0,0,0,0,0,0,0,0.0,0,0,0.0,0,0,0,0,0,0,0,0,0,0,0,0,0,0,0,0,0,0,0,0,0,0,,0,0,0,0,0,0,0,0,0,0,0,0,0,Thymus,t follicular helper cell
410,0,0,0,0,0,0,0,0,0,0.0,0,0,0.0,0,0,0,0,0,0,0,0,0,0,0,0,0,0,0,0,0,0,0,0,0,0,,0,0,0,0,0,0,0,0,0,0,0,0,0,Thymus,thymocyte
411,0,0,0,0,0,0,1,1,1,0.0,0,0,0.0,0,0,0,0,0,0,1,0,0,0,0,0,0,1,0,0,0,0,0,0,1,0,,1,0,0,0,0,1,0,0,0,0,0,0,1,Thymus,vascular associated smooth muscle cell
412,0,0,1,0,0,0,0,1,0,0.0,0,0,0.0,0,0,0,0,0,0,0,0,0,0,0,0,0,1,0,0,0,0,0,0,0,0,,0,1,0,0,0,0,0,0,0,0,0,0,0,Thymus,vein endothelial cell
413,0,0,0,0,0,0,1,0,0,0.0,0,0,1.0,0,1,0,0,0,0,0,0,1,0,0,0,0,0,0,0,0,1,0,0,0,0,,0,1,0,0,0,0,0,0,0,0,0,0,0,Tongue,basal cell
414,0,0,1,0,0,0,0,0,1,0.0,0,0,0.0,0,0,1,0,0,0,0,0,0,0,0,0,0,1,0,0,0,1,1,0,0,0,,1,1,0,0,0,1,0,0,0,0,0,0,1,Tongue,capillary endothelial cell
415,0,0,0,0,0,0,0,0,0,0.0,0,0,0.0,0,0,0,0,0,0,0,0,0,0,0,0,0,0,0,0,0,0,0,0,0,0,,0,0,0,0,0,0,0,0,0,0,0,0,0,Tongue,endothelial cell of artery
416,0,0,0,0,0,0,0,0,0,1.0,0,0,1.0,0,0,0,0,0,0,0,0,0,0,0,0,0,0,0,0,0,0,0,0,0,0,,0,0,0,0,0,0,0,0,0,0,0,0,0,Tongue,endothelial cell of lymphatic vessel
417,1,0,1,0,1,1,1,1,1,0.0,0,0,0.0,1,1,1,0,1,1,0,1,1,0,1,1,0,1,0,1,0,1,1,1,0,1,,1,1,1,1,1,0,0,0,1,1,0,1,1,Tongue,epithelial cell
418,0,0,0,0,0,0,0,0,0,0.0,0,0,0.0,0,0,0,0,0,0,0,0,0,0,0,0,0,0,0,0,0,0,0,0,0,0,,0,0,0,0,0,0,0,0,0,0,0,0,1,Tongue,fibroblast
419,0,0,0,0,0,0,1,0,0,1.0,0,0,0.0,0,0,0,0,0,0,0,0,0,0,0,0,0,0,0,0,0,0,0,0,0,0,,0,0,0,0,0,0,0,0,0,0,1,0,0,Tongue,immune cell
420,1,0,1,1,1,1,1,0,1,0.0,0,1,0.0,0,1,0,1,1,1,1,1,1,1,1,1,1,1,1,0,0,1,1,1,0,0,,1,1,0,1,1,1,1,1,0,1,0,1,1,Tongue,keratinocyte
421,0,0,0,0,0,0,1,0,0,0.0,0,0,0.0,0,0,0,0,0,0,0,0,0,0,0,0,0,0,0,0,0,0,0,0,0,0,,0,0,0,0,0,0,0,0,0,0,0,0,0,Tongue,pericyte cell
422,0,0,0,0,0,0,0,0,0,0.0,0,0,0.0,0,0,0,0,0,0,0,0,0,0,0,0,0,0,0,0,0,0,0,0,0,0,,0,0,0,0,0,0,0,0,0,0,0,0,0,Tongue,schwann cell
423,0,0,0,0,0,0,0,0,0,0.0,0,0,0.0,0,0,0,0,0,0,0,0,0,0,0,0,0,0,0,0,0,0,0,0,0,0,,0,0,0,0,0,0,0,0,0,0,0,0,0,Tongue,tongue muscle cell
424,0,0,0,0,0,0,0,0,0,0.0,0,0,0.0,0,0,0,0,0,0,0,0,0,0,0,0,0,0,0,0,0,0,0,0,0,0,,0,0,0,0,0,0,0,0,0,0,0,0,0,Tongue,vein endothelial cell
425,0,0,0,0,0,0,0,0,0,1.0,0,0,1.0,0,0,0,0,0,0,0,0,0,0,0,0,0,0,0,0,0,0,0,0,0,1,,0,0,0,0,0,0,0,0,0,0,1,0,0,Trachea,b cell
426,0,0,1,1,0,1,1,1,1,0.0,0,1,0.0,1,1,1,1,1,1,1,1,1,1,1,1,0,1,0,0,1,0,1,1,0,0,,0,1,0,1,1,1,1,0,0,1,0,1,1,Trachea,basal cell
427,0,0,0,0,0,0,0,0,0,0.0,0,0,0.0,0,0,0,0,0,0,0,0,0,0,0,0,0,0,0,0,0,0,0,0,0,0,,0,0,0,0,0,0,0,0,0,0,0,0,0,Trachea,"cd4-positive, alpha-beta t cell"
428,0,0,0,0,0,0,0,0,0,1.0,0,0,1.0,0,0,0,0,0,0,0,0,0,0,0,0,0,0,0,0,0,0,0,0,0,0,,0,0,0,0,0,0,0,0,0,0,1,0,0,Trachea,"cd8-positive, alpha-beta t cell"
429,1,0,1,1,1,1,1,1,1,0.0,1,1,0.0,1,1,1,1,0,1,1,1,1,1,1,1,1,1,1,1,1,0,1,1,1,0,,1,1,1,1,1,1,1,1,1,1,0,1,1,Trachea,ciliated cell
430,0,0,0,0,0,0,0,0,0,0.0,0,0,0.0,0,0,0,0,0,0,0,0,0,0,0,0,0,0,0,0,0,0,0,0,0,0,,0,0,0,0,0,0,0,0,0,0,0,0,0,Trachea,connective tissue cell
431,0,0,0,0,0,0,0,0,0,0.0,0,0,1.0,0,0,0,0,0,0,0,0,0,0,0,0,0,0,0,0,0,0,0,0,0,0,,0,0,0,0,0,0,0,0,0,0,0,0,0,Trachea,"double-positive, alpha-beta thymocyte"
432,0,0,1,0,0,0,0,1,0,0.0,1,0,1.0,0,0,0,0,0,0,0,1,0,0,0,0,0,1,0,0,0,0,0,0,1,0,,1,0,0,0,0,1,1,0,0,0,0,0,0,Trachea,endothelial cell
433,0,0,0,1,1,1,0,1,0,0.0,0,0,0.0,0,0,0,0,0,0,0,0,0,0,0,0,0,0,0,0,0,0,0,0,0,0,,0,0,1,0,0,0,0,0,0,0,0,0,1,Trachea,fibroblast
434,0,0,0,0,0,0,0,0,0,0.0,0,0,0.0,0,0,0,0,0,0,0,0,0,0,0,0,0,0,0,0,0,0,0,0,0,0,,0,0,0,0,0,0,0,0,0,0,0,0,0,Trachea,goblet cell
435,0,0,0,0,0,0,0,0,0,0.0,0,0,0.0,0,0,0,0,0,0,0,0,0,0,0,0,0,0,0,0,0,0,0,0,0,0,,0,0,0,0,0,0,0,0,0,0,0,0,0,Trachea,ionocyte
436,1,0,0,0,0,0,0,1,0,0.0,0,0,0.0,0,0,0,0,0,0,0,0,0,1,1,0,0,0,0,0,0,0,0,0,0,0,,1,0,0,0,0,0,0,1,0,1,0,0,0,Trachea,macrophage
437,0,0,0,0,0,0,0,0,0,0.0,0,0,1.0,0,0,0,0,0,0,0,0,0,0,0,0,0,0,0,0,0,0,0,0,0,0,,0,0,0,0,0,0,0,0,0,0,0,0,0,Trachea,mast cell
438,0,0,0,1,0,1,1,0,0,1.0,0,1,0.0,1,1,1,0,0,1,1,1,1,0,1,0,0,0,0,0,0,1,1,0,0,0,,0,1,0,0,0,0,0,0,1,1,0,0,0,Trachea,mucus secreting cell
439,0,0,1,0,0,0,0,0,0,0.0,0,0,0.0,0,0,0,0,0,0,0,0,0,0,0,0,0,0,1,1,0,1,1,1,0,0,,0,0,0,0,0,0,0,0,0,0,1,0,0,Trachea,neutrophil
440,0,0,0,0,0,0,0,0,0,1.0,0,0,1.0,0,0,0,0,0,0,0,0,0,0,0,0,0,0,0,0,0,0,0,0,0,0,,0,0,0,0,0,0,0,0,0,0,0,0,0,Trachea,plasma cell
441,1,0,1,1,1,1,1,1,1,0.0,0,1,0.0,1,1,1,1,0,1,1,1,1,1,1,0,1,0,0,0,1,0,1,1,0,0,,0,1,0,0,1,1,0,1,1,1,0,1,0,Trachea,secretory cell
442,0,0,0,0,0,0,0,0,0,0.0,0,0,0.0,0,0,0,0,0,0,0,0,0,0,0,0,0,0,0,0,0,0,0,0,0,0,,0,0,0,0,0,0,0,0,0,0,0,0,0,Trachea,serous cell of epithelium of trachea
443,0,0,0,0,0,0,0,0,0,0.0,0,0,0.0,0,0,0,0,0,0,0,0,0,0,0,0,0,0,0,0,0,0,0,0,0,0,,0,0,0,0,0,0,0,0,0,0,0,0,0,Trachea,smooth muscle cell
444,0,0,0,0,0,0,0,0,0,1.0,0,0,1.0,0,0,0,0,0,0,0,0,0,0,0,0,0,0,0,0,0,0,0,0,0,0,,0,0,0,0,0,0,0,0,0,0,0,0,0,Trachea,t cell
445,1,0,1,1,1,1,1,1,1,0.0,0,1,0.0,1,1,0,1,0,1,1,1,1,1,1,0,1,1,0,1,0,1,1,1,0,0,,1,1,1,1,1,0,1,1,1,1,0,1,0,Trachea,tracheal goblet cell
446,0,0,0,0,0,0,0,0,0,0.0,0,0,0.0,0,0,0,0,0,0,0,0,0,0,0,0,0,0,0,0,0,0,0,0,0,0,,0,0,0,0,0,0,0,0,0,0,0,0,0,Uterus,b cell
447,0,0,0,0,0,0,0,0,0,0.0,0,0,0.0,0,0,0,0,0,0,0,0,0,0,0,0,0,0,0,0,0,0,0,0,0,0,,0,0,0,0,0,0,0,0,0,0,0,1,0,Uterus,ciliated epithelial cell
448,0,0,0,0,0,0,0,1,0,0.0,0,0,0.0,0,0,0,0,0,0,0,0,0,0,0,0,0,0,0,0,0,0,0,0,0,0,,0,0,0,0,0,0,0,0,0,0,0,0,0,Uterus,endothelial cell
449,0,0,1,0,1,0,0,1,0,1.0,0,0,1.0,0,0,0,0,0,0,0,1,0,0,0,0,0,1,0,1,0,0,0,0,0,0,,1,0,0,0,0,0,0,1,1,1,0,1,0,Uterus,endothelial cell of lymphatic vessel
450,1,0,1,0,1,0,1,1,0,0.0,0,1,0.0,1,1,0,1,1,1,0,1,1,1,1,0,1,1,0,1,0,1,1,1,0,0,,1,1,1,1,1,0,0,1,1,1,0,1,0,Uterus,epithelial cell
451,0,0,1,0,0,0,0,1,0,0.0,0,0,1.0,0,0,0,0,0,0,0,0,0,0,0,0,0,0,0,0,0,0,0,0,0,0,,0,0,0,0,0,0,0,0,0,0,0,1,0,Uterus,epithelial cell of uterus
452,0,1,0,0,1,1,1,1,0,0.0,0,0,0.0,1,1,0,1,0,0,1,1,0,0,0,0,0,1,0,0,0,0,1,1,0,0,,1,0,0,1,0,0,0,0,1,1,0,1,0,Uterus,fibroblast
453,0,0,0,0,0,0,0,0,0,1.0,0,0,0.0,0,0,0,0,0,0,0,0,0,0,0,0,0,0,0,0,0,0,0,0,0,0,,0,0,0,0,0,0,0,0,0,0,0,0,0,Uterus,immune cell
454,0,0,1,0,0,0,0,1,0,0.0,0,0,0.0,0,0,0,1,0,0,0,0,0,0,0,0,0,1,1,1,0,0,1,1,1,0,,1,1,0,1,0,0,1,0,0,0,1,0,0,Uterus,macrophage
455,0,0,0,0,0,0,0,0,0,0.0,0,0,0.0,0,0,0,0,0,0,0,0,0,0,0,0,0,0,0,0,0,0,0,0,0,0,,0,0,0,0,0,0,0,0,0,0,0,0,0,Uterus,myometrial cell
456,0,0,0,0,0,0,0,0,0,0.0,0,0,0.0,0,0,0,0,0,0,0,0,0,0,0,0,0,0,0,0,0,0,0,0,0,0,,0,0,0,0,0,0,0,0,0,0,0,0,0,Uterus,nk cell
457,0,0,0,0,0,0,0,0,0,0.0,0,0,0.0,0,0,0,0,0,0,0,0,0,0,0,0,0,0,0,0,0,0,0,0,0,0,,0,0,0,0,0,0,0,0,0,0,0,0,0,Uterus,pericyte cell
458,0,0,0,0,0,0,0,0,0,0.0,0,0,0.0,0,0,0,0,0,0,0,0,0,0,0,0,0,0,0,0,0,0,0,0,0,0,,0,0,0,0,0,0,0,0,0,0,0,0,0,Uterus,t cell
459,0,0,0,0,0,0,0,0,0,0.0,0,0,1.0,0,0,0,0,0,0,0,0,0,0,0,0,0,0,0,0,0,0,0,0,0,0,,0,0,0,0,0,0,0,0,0,0,0,0,0,Uterus,vascular associated smooth muscle cell
460,0,0,1,0,1,1,0,0,1,0.0,1,0,0.0,0,1,1,1,0,0,1,0,1,1,0,0,0,1,0,1,1,0,1,0,1,0,,1,1,0,0,1,1,0,1,0,1,0,1,1,Vasculature,artery endothelial cell
461,0,0,0,0,0,0,0,0,0,0.0,0,0,1.0,0,0,0,0,0,0,0,0,0,0,0,0,0,0,0,0,0,0,0,0,0,0,,0,0,0,0,0,0,0,0,0,0,0,0,0,Vasculature,b cell
462,1,0,1,0,1,0,0,1,1,0.0,1,0,0.0,0,0,1,0,0,0,0,0,0,0,0,0,0,1,0,1,0,0,0,0,1,0,,1,1,0,0,0,1,0,0,0,0,0,0,1,Vasculature,endothelial cell
463,0,0,0,0,0,0,0,0,0,0.0,0,0,0.0,0,0,0,0,0,0,0,0,0,0,0,0,0,0,0,0,0,0,0,0,0,0,,0,0,0,0,0,0,0,0,0,0,0,0,0,Vasculature,epithelial cell
464,0,0,0,0,0,0,0,0,0,1.0,0,0,1.0,0,0,0,0,0,0,0,0,0,0,0,0,0,0,0,0,0,0,0,0,0,0,,0,0,0,0,0,0,0,0,0,0,0,0,0,Vasculature,erythrocyte
465,1,0,0,1,1,1,0,1,1,0.0,1,0,0.0,1,1,0,1,1,0,1,1,0,1,0,0,1,1,0,1,1,0,0,0,1,0,,1,1,1,1,0,1,1,1,1,1,0,1,1,Vasculature,fibroblast
466,0,0,0,0,0,0,0,0,0,1.0,0,0,1.0,0,0,0,0,0,0,0,0,0,0,0,0,0,0,0,0,0,0,0,0,0,0,,0,0,0,0,0,0,0,0,0,0,0,0,0,Vasculature,lymphatic endothelial cell
467,1,1,1,1,1,1,1,1,1,0.0,1,1,0.0,1,1,1,1,1,1,1,1,1,1,1,1,0,1,1,1,1,1,1,1,1,1,,1,1,1,1,1,1,1,1,1,1,1,1,1,Vasculature,macrophage
468,0,0,0,0,0,0,0,0,0,0.0,0,0,0.0,0,0,0,0,0,0,0,0,0,0,0,0,0,0,0,0,0,0,0,0,0,0,,0,0,0,0,0,0,0,0,0,0,0,0,0,Vasculature,mast cell
469,0,0,0,0,0,0,0,0,0,0.0,0,0,1.0,0,0,0,0,0,0,0,0,0,0,0,0,0,0,0,0,0,0,0,0,0,0,,0,0,0,0,0,0,0,0,0,0,0,0,0,Vasculature,nk cell
470,1,1,0,1,0,1,1,1,1,0.0,1,1,0.0,0,0,1,0,0,0,1,0,0,0,0,0,0,1,0,1,0,0,1,0,1,0,,1,1,0,0,0,1,0,0,0,1,0,1,1,Vasculature,pericyte cell
471,0,0,0,0,0,0,0,0,0,1.0,0,0,1.0,0,0,0,0,0,0,0,0,0,0,0,0,0,0,0,0,0,0,0,0,0,0,,0,0,0,0,0,0,0,0,0,0,0,0,0,Vasculature,plasma cell
472,1,1,1,1,1,1,1,1,1,0.0,1,1,0.0,1,1,1,1,1,1,1,1,1,0,0,0,1,1,1,1,1,1,1,1,1,0,,1,1,1,1,1,1,1,1,1,1,0,1,1,Vasculature,smooth muscle cell
473,0,0,0,0,0,0,0,0,0,,0,0,,0,0,0,0,0,0,0,0,0,0,0,0,0,0,0,0,0,0,0,0,0,0,,0,0,0,0,0,0,0,0,0,0,0,0,0,Vasculature,t cell
